INSERT INTO `roles` (`id`, `name`, `description`) VALUES
(1, 'SUPER_ADMIN', 'Super Administrator with full control over the platform'),
(2, 'ADMIN', 'Administrator with user approval and KYC permissions'),
(3, 'SELLER', 'Weaver / Manufacturer / Wholesaler'),
(4, 'RETAILER', 'Boutique owner / Buyer / Retail Retailer'),
(5, 'DELIVERY', 'Logistics and delivery partner'),
(6, 'EMPLOYEE', 'Support or operations employee');
INSERT INTO `permissions` (`id`, `name`, `description`) VALUES
(1, 'manage_users', 'Ability to create, update, block users'),
(2, 'approve_sellers', 'Verify seller KYC and approve seller profiles'),
(3, 'approve_products', 'Review and approve catalog items'),
(4, 'manage_commissions', 'Setup category or seller specific B2B commission rules'),
(5, 'process_settlements', 'Trigger payouts to weavers and sellers'),
(6, 'manage_inventory', 'Adjust stock, manage multi-warehouse inventory'),
(7, 'place_orders', 'Browse products, manage cart, place wholesale orders'),
(8, 'deliver_shipments', 'Manage pickups, deliveries, and collect OTP/signature proofs'),
(9, 'view_reports', 'Access sales, tax, settlement, and platform reports'),
(10, 'system_settings', 'Edit brand, logo, and integration API credentials');
INSERT INTO `role_permissions` (`role_id`, `permission_id`) VALUES
(1, 1), (1, 2), (1, 3), (1, 4), (1, 5), (1, 6), (1, 7), (1, 8), (1, 9), (1, 10),
(2, 1), (2, 2), (2, 3), (2, 6), (2, 9),
(3, 6), (3, 7), (3, 9),
(4, 7),
(5, 8);
INSERT INTO `banks` (`id`, `name`, `code`) VALUES
(1, 'State Bank of India', 'SBI'),
(2, 'HDFC Bank', 'HDFC'),
(3, 'ICICI Bank', 'ICICI'),
(4, 'Axis Bank', 'AXIS'),
(5, 'Punjab National Bank', 'PNB');

INSERT INTO categories (id, name, slug, description, image_url) VALUES (1, 'Bandhej Sarees', 'bandhej-sarees', 'Explore our latest Bandhej Sarees collection.', '/uploads/categories/default.png');
INSERT INTO categories (id, name, slug, description, image_url) VALUES (2, 'Banarasi Sarees', 'banarasi-sarees', 'Explore our latest Banarasi Sarees collection.', '/uploads/categories/default.png');
INSERT INTO categories (id, name, slug, description, image_url) VALUES (3, 'Pittan Work Sarees', 'pittan-work-sarees', 'Explore our latest Pittan Work Sarees collection.', '/uploads/categories/default.png');
INSERT INTO categories (id, name, slug, description, image_url) VALUES (4, 'Gota Patti Sarees', 'gota-patti-sarees', 'Explore our latest Gota Patti Sarees collection.', '/uploads/categories/default.png');
INSERT INTO categories (id, name, slug, description, image_url) VALUES (5, 'Chunri Sarees', 'chunri-sarees', 'Explore our latest Chunri Sarees collection.', '/uploads/categories/default.png');
INSERT INTO categories (id, name, slug, description, image_url) VALUES (6, 'Leheriya Sarees', 'leheriya-sarees', 'Explore our latest Leheriya Sarees collection.', '/uploads/categories/default.png');
INSERT INTO categories (id, name, slug, description, image_url) VALUES (7, 'Organza Sarees', 'organza-sarees', 'Explore our latest Organza Sarees collection.', '/uploads/categories/default.png');
INSERT INTO categories (id, name, slug, description, image_url) VALUES (8, 'Silk Sarees', 'silk-sarees', 'Explore our latest Silk Sarees collection.', '/uploads/categories/default.png');
INSERT INTO categories (id, name, slug, description, image_url) VALUES (9, 'Georgette Sarees', 'georgette-sarees', 'Explore our latest Georgette Sarees collection.', '/uploads/categories/default.png');
INSERT INTO categories (id, name, slug, description, image_url) VALUES (10, 'Chiffon Sarees', 'chiffon-sarees', 'Explore our latest Chiffon Sarees collection.', '/uploads/categories/default.png');
INSERT INTO categories (id, name, slug, description, image_url) VALUES (11, 'Tissue Sarees', 'tissue-sarees', 'Explore our latest Tissue Sarees collection.', '/uploads/categories/default.png');
INSERT INTO categories (id, name, slug, description, image_url) VALUES (12, 'Cotton Sarees', 'cotton-sarees', 'Explore our latest Cotton Sarees collection.', '/uploads/categories/default.png');
INSERT INTO categories (id, name, slug, description, image_url) VALUES (13, 'Linen Sarees', 'linen-sarees', 'Explore our latest Linen Sarees collection.', '/uploads/categories/default.png');
INSERT INTO categories (id, name, slug, description, image_url) VALUES (14, 'Printed Sarees', 'printed-sarees', 'Explore our latest Printed Sarees collection.', '/uploads/categories/default.png');
INSERT INTO categories (id, name, slug, description, image_url) VALUES (15, 'Designer Sarees', 'designer-sarees', 'Explore our latest Designer Sarees collection.', '/uploads/categories/default.png');
INSERT INTO categories (id, name, slug, description, image_url) VALUES (16, 'Party Wear Sarees', 'party-wear-sarees', 'Explore our latest Party Wear Sarees collection.', '/uploads/categories/default.png');
INSERT INTO categories (id, name, slug, description, image_url) VALUES (17, 'Wedding Collection', 'wedding-collection', 'Explore our latest Wedding Collection collection.', '/uploads/categories/default.png');
INSERT INTO categories (id, name, slug, description, image_url) VALUES (18, 'Bridal Sarees', 'bridal-sarees', 'Explore our latest Bridal Sarees collection.', '/uploads/categories/default.png');
INSERT INTO categories (id, name, slug, description, image_url) VALUES (19, 'Festive Collection', 'festive-collection', 'Explore our latest Festive Collection collection.', '/uploads/categories/default.png');
INSERT INTO categories (id, name, slug, description, image_url) VALUES (20, 'Handloom Sarees', 'handloom-sarees', 'Explore our latest Handloom Sarees collection.', '/uploads/categories/default.png');
INSERT INTO product_attributes (id, name, type) VALUES (1, 'Fabric', 'SELECT');
INSERT INTO product_attributes (id, name, type) VALUES (2, 'Occasion', 'SELECT');
INSERT INTO attribute_values (attribute_id, value) VALUES (1, 'Pure Silk');
INSERT INTO attribute_values (attribute_id, value) VALUES (1, 'Soft Silk');
INSERT INTO attribute_values (attribute_id, value) VALUES (1, 'Organza');
INSERT INTO attribute_values (attribute_id, value) VALUES (1, 'Georgette');
INSERT INTO attribute_values (attribute_id, value) VALUES (1, 'Chiffon');
INSERT INTO attribute_values (attribute_id, value) VALUES (1, 'Cotton');
INSERT INTO attribute_values (attribute_id, value) VALUES (1, 'Tissue');
INSERT INTO attribute_values (attribute_id, value) VALUES (1, 'Linen');
INSERT INTO attribute_values (attribute_id, value) VALUES (2, 'Wedding Wear');
INSERT INTO attribute_values (attribute_id, value) VALUES (2, 'Party Wear');
INSERT INTO attribute_values (attribute_id, value) VALUES (2, 'Festival Wear');
INSERT INTO attribute_values (attribute_id, value) VALUES (2, 'Office Wear');
INSERT INTO attribute_values (attribute_id, value) VALUES (2, 'Daily Wear');
INSERT INTO attribute_values (attribute_id, value) VALUES (2, 'Reception Collection');
INSERT INTO attribute_values (attribute_id, value) VALUES (2, 'Haldi Collection');
INSERT INTO attribute_values (attribute_id, value) VALUES (2, 'Mehendi Collection');
INSERT INTO attribute_values (attribute_id, value) VALUES (2, 'Sangeet Collection');
INSERT INTO products (id, title, description, category_id, seller_id, status, is_approved) VALUES (1, 'Authentic Party Wear Sarees in Georgette', 'Beautiful Party Wear Sarees made of Georgette suitable for Party Wear.', 16, 2, 'ACTIVE', 1);
INSERT INTO product_variants (product_id, sku, price, wholesale_price, image_url, stock) VALUES (1, 'PAV-PAR-0000', 5000, 3000, '/uploads/products/party-wear-sarees-0.jpg', 10);
INSERT INTO products (id, title, description, category_id, seller_id, status, is_approved) VALUES (2, 'Authentic Party Wear Sarees in Georgette', 'Beautiful Party Wear Sarees made of Georgette suitable for Party Wear.', 16, 2, 'ACTIVE', 1);
INSERT INTO product_variants (product_id, sku, price, wholesale_price, image_url, stock) VALUES (2, 'PAV-PAR-0001', 5050, 3040, '/uploads/products/party-wear-sarees-1.jpg', 10);
INSERT INTO products (id, title, description, category_id, seller_id, status, is_approved) VALUES (3, 'Authentic Party Wear Sarees in Georgette', 'Beautiful Party Wear Sarees made of Georgette suitable for Party Wear.', 16, 2, 'ACTIVE', 1);
INSERT INTO product_variants (product_id, sku, price, wholesale_price, image_url, stock) VALUES (3, 'PAV-PAR-0002', 5100, 3080, '/uploads/products/party-wear-sarees-2.jpg', 10);
INSERT INTO products (id, title, description, category_id, seller_id, status, is_approved) VALUES (4, 'Authentic Party Wear Sarees in Georgette', 'Beautiful Party Wear Sarees made of Georgette suitable for Party Wear.', 16, 2, 'ACTIVE', 1);
INSERT INTO product_variants (product_id, sku, price, wholesale_price, image_url, stock) VALUES (4, 'PAV-PAR-0003', 5150, 3120, '/uploads/products/party-wear-sarees-3.jpg', 10);
INSERT INTO products (id, title, description, category_id, seller_id, status, is_approved) VALUES (5, 'Authentic Party Wear Sarees in Georgette', 'Beautiful Party Wear Sarees made of Georgette suitable for Party Wear.', 16, 2, 'ACTIVE', 1);
INSERT INTO product_variants (product_id, sku, price, wholesale_price, image_url, stock) VALUES (5, 'PAV-PAR-0004', 5200, 3160, '/uploads/products/party-wear-sarees-4.jpg', 10);
INSERT INTO products (id, title, description, category_id, seller_id, status, is_approved) VALUES (6, 'Authentic Party Wear Sarees in Georgette', 'Beautiful Party Wear Sarees made of Georgette suitable for Party Wear.', 16, 2, 'ACTIVE', 1);
INSERT INTO product_variants (product_id, sku, price, wholesale_price, image_url, stock) VALUES (6, 'PAV-PAR-0005', 5250, 3200, '/uploads/products/party-wear-sarees-5.jpg', 10);
INSERT INTO products (id, title, description, category_id, seller_id, status, is_approved) VALUES (7, 'Authentic Party Wear Sarees in Georgette', 'Beautiful Party Wear Sarees made of Georgette suitable for Party Wear.', 16, 2, 'ACTIVE', 1);
INSERT INTO product_variants (product_id, sku, price, wholesale_price, image_url, stock) VALUES (7, 'PAV-PAR-0006', 5300, 3240, '/uploads/products/party-wear-sarees-6.jpg', 10);
INSERT INTO products (id, title, description, category_id, seller_id, status, is_approved) VALUES (8, 'Authentic Party Wear Sarees in Georgette', 'Beautiful Party Wear Sarees made of Georgette suitable for Party Wear.', 16, 2, 'ACTIVE', 1);
INSERT INTO product_variants (product_id, sku, price, wholesale_price, image_url, stock) VALUES (8, 'PAV-PAR-0007', 5350, 3280, '/uploads/products/party-wear-sarees-7.jpg', 10);
INSERT INTO products (id, title, description, category_id, seller_id, status, is_approved) VALUES (9, 'Authentic Party Wear Sarees in Georgette', 'Beautiful Party Wear Sarees made of Georgette suitable for Party Wear.', 16, 2, 'ACTIVE', 1);
INSERT INTO product_variants (product_id, sku, price, wholesale_price, image_url, stock) VALUES (9, 'PAV-PAR-0008', 5400, 3320, '/uploads/products/party-wear-sarees-8.jpg', 10);
INSERT INTO products (id, title, description, category_id, seller_id, status, is_approved) VALUES (10, 'Authentic Party Wear Sarees in Georgette', 'Beautiful Party Wear Sarees made of Georgette suitable for Party Wear.', 16, 2, 'ACTIVE', 1);
INSERT INTO product_variants (product_id, sku, price, wholesale_price, image_url, stock) VALUES (10, 'PAV-PAR-0009', 5450, 3360, '/uploads/products/party-wear-sarees-9.jpg', 10);
INSERT INTO products (id, title, description, category_id, seller_id, status, is_approved) VALUES (11, 'Authentic Party Wear Sarees in Georgette', 'Beautiful Party Wear Sarees made of Georgette suitable for Party Wear.', 16, 2, 'ACTIVE', 1);
INSERT INTO product_variants (product_id, sku, price, wholesale_price, image_url, stock) VALUES (11, 'PAV-PAR-0010', 5500, 3400, '/uploads/products/party-wear-sarees-10.jpg', 10);
INSERT INTO products (id, title, description, category_id, seller_id, status, is_approved) VALUES (12, 'Authentic Party Wear Sarees in Georgette', 'Beautiful Party Wear Sarees made of Georgette suitable for Party Wear.', 16, 2, 'ACTIVE', 1);
INSERT INTO product_variants (product_id, sku, price, wholesale_price, image_url, stock) VALUES (12, 'PAV-PAR-0011', 5550, 3440, '/uploads/products/party-wear-sarees-11.jpg', 10);
INSERT INTO products (id, title, description, category_id, seller_id, status, is_approved) VALUES (13, 'Authentic Party Wear Sarees in Georgette', 'Beautiful Party Wear Sarees made of Georgette suitable for Party Wear.', 16, 2, 'ACTIVE', 1);
INSERT INTO product_variants (product_id, sku, price, wholesale_price, image_url, stock) VALUES (13, 'PAV-PAR-0012', 5600, 3480, '/uploads/products/party-wear-sarees-12.jpg', 10);
INSERT INTO products (id, title, description, category_id, seller_id, status, is_approved) VALUES (14, 'Authentic Party Wear Sarees in Georgette', 'Beautiful Party Wear Sarees made of Georgette suitable for Party Wear.', 16, 2, 'ACTIVE', 1);
INSERT INTO product_variants (product_id, sku, price, wholesale_price, image_url, stock) VALUES (14, 'PAV-PAR-0013', 5650, 3520, '/uploads/products/party-wear-sarees-13.jpg', 10);
INSERT INTO products (id, title, description, category_id, seller_id, status, is_approved) VALUES (15, 'Authentic Party Wear Sarees in Georgette', 'Beautiful Party Wear Sarees made of Georgette suitable for Party Wear.', 16, 2, 'ACTIVE', 1);
INSERT INTO product_variants (product_id, sku, price, wholesale_price, image_url, stock) VALUES (15, 'PAV-PAR-0014', 5700, 3560, '/uploads/products/party-wear-sarees-14.jpg', 10);
INSERT INTO products (id, title, description, category_id, seller_id, status, is_approved) VALUES (16, 'Authentic Party Wear Sarees in Georgette', 'Beautiful Party Wear Sarees made of Georgette suitable for Party Wear.', 16, 2, 'ACTIVE', 1);
INSERT INTO product_variants (product_id, sku, price, wholesale_price, image_url, stock) VALUES (16, 'PAV-PAR-0015', 5750, 3600, '/uploads/products/party-wear-sarees-15.jpg', 10);
INSERT INTO products (id, title, description, category_id, seller_id, status, is_approved) VALUES (17, 'Authentic Party Wear Sarees in Georgette', 'Beautiful Party Wear Sarees made of Georgette suitable for Party Wear.', 16, 2, 'ACTIVE', 1);
INSERT INTO product_variants (product_id, sku, price, wholesale_price, image_url, stock) VALUES (17, 'PAV-PAR-0016', 5800, 3640, '/uploads/products/party-wear-sarees-16.jpg', 10);
INSERT INTO products (id, title, description, category_id, seller_id, status, is_approved) VALUES (18, 'Authentic Party Wear Sarees in Georgette', 'Beautiful Party Wear Sarees made of Georgette suitable for Party Wear.', 16, 2, 'ACTIVE', 1);
INSERT INTO product_variants (product_id, sku, price, wholesale_price, image_url, stock) VALUES (18, 'PAV-PAR-0017', 5850, 3680, '/uploads/products/party-wear-sarees-17.jpg', 10);
INSERT INTO products (id, title, description, category_id, seller_id, status, is_approved) VALUES (19, 'Authentic Party Wear Sarees in Georgette', 'Beautiful Party Wear Sarees made of Georgette suitable for Party Wear.', 16, 2, 'ACTIVE', 1);
INSERT INTO product_variants (product_id, sku, price, wholesale_price, image_url, stock) VALUES (19, 'PAV-PAR-0018', 5900, 3720, '/uploads/products/party-wear-sarees-18.jpg', 10);
INSERT INTO products (id, title, description, category_id, seller_id, status, is_approved) VALUES (20, 'Authentic Party Wear Sarees in Georgette', 'Beautiful Party Wear Sarees made of Georgette suitable for Party Wear.', 16, 2, 'ACTIVE', 1);
INSERT INTO product_variants (product_id, sku, price, wholesale_price, image_url, stock) VALUES (20, 'PAV-PAR-0019', 5950, 3760, '/uploads/products/party-wear-sarees-19.jpg', 10);
INSERT INTO products (id, title, description, category_id, seller_id, status, is_approved) VALUES (21, 'Authentic Party Wear Sarees in Georgette', 'Beautiful Party Wear Sarees made of Georgette suitable for Party Wear.', 16, 2, 'ACTIVE', 1);
INSERT INTO product_variants (product_id, sku, price, wholesale_price, image_url, stock) VALUES (21, 'PAV-PAR-0020', 6000, 3800, '/uploads/products/party-wear-sarees-20.jpg', 10);
INSERT INTO products (id, title, description, category_id, seller_id, status, is_approved) VALUES (22, 'Authentic Party Wear Sarees in Georgette', 'Beautiful Party Wear Sarees made of Georgette suitable for Party Wear.', 16, 2, 'ACTIVE', 1);
INSERT INTO product_variants (product_id, sku, price, wholesale_price, image_url, stock) VALUES (22, 'PAV-PAR-0021', 6050, 3840, '/uploads/products/party-wear-sarees-21.jpg', 10);
INSERT INTO products (id, title, description, category_id, seller_id, status, is_approved) VALUES (23, 'Authentic Party Wear Sarees in Georgette', 'Beautiful Party Wear Sarees made of Georgette suitable for Party Wear.', 16, 2, 'ACTIVE', 1);
INSERT INTO product_variants (product_id, sku, price, wholesale_price, image_url, stock) VALUES (23, 'PAV-PAR-0022', 6100, 3880, '/uploads/products/party-wear-sarees-22.jpg', 10);
INSERT INTO products (id, title, description, category_id, seller_id, status, is_approved) VALUES (24, 'Authentic Party Wear Sarees in Georgette', 'Beautiful Party Wear Sarees made of Georgette suitable for Party Wear.', 16, 2, 'ACTIVE', 1);
INSERT INTO product_variants (product_id, sku, price, wholesale_price, image_url, stock) VALUES (24, 'PAV-PAR-0023', 6150, 3920, '/uploads/products/party-wear-sarees-23.jpg', 10);
INSERT INTO products (id, title, description, category_id, seller_id, status, is_approved) VALUES (25, 'Authentic Party Wear Sarees in Georgette', 'Beautiful Party Wear Sarees made of Georgette suitable for Party Wear.', 16, 2, 'ACTIVE', 1);
INSERT INTO product_variants (product_id, sku, price, wholesale_price, image_url, stock) VALUES (25, 'PAV-PAR-0024', 6200, 3960, '/uploads/products/party-wear-sarees-24.jpg', 10);
INSERT INTO products (id, title, description, category_id, seller_id, status, is_approved) VALUES (26, 'Authentic Party Wear Sarees in Georgette', 'Beautiful Party Wear Sarees made of Georgette suitable for Party Wear.', 16, 2, 'ACTIVE', 1);
INSERT INTO product_variants (product_id, sku, price, wholesale_price, image_url, stock) VALUES (26, 'PAV-PAR-0025', 6250, 4000, '/uploads/products/party-wear-sarees-25.jpg', 10);
INSERT INTO products (id, title, description, category_id, seller_id, status, is_approved) VALUES (27, 'Authentic Party Wear Sarees in Georgette', 'Beautiful Party Wear Sarees made of Georgette suitable for Party Wear.', 16, 2, 'ACTIVE', 1);
INSERT INTO product_variants (product_id, sku, price, wholesale_price, image_url, stock) VALUES (27, 'PAV-PAR-0026', 6300, 4040, '/uploads/products/party-wear-sarees-26.jpg', 10);
INSERT INTO products (id, title, description, category_id, seller_id, status, is_approved) VALUES (28, 'Authentic Party Wear Sarees in Georgette', 'Beautiful Party Wear Sarees made of Georgette suitable for Party Wear.', 16, 2, 'ACTIVE', 1);
INSERT INTO product_variants (product_id, sku, price, wholesale_price, image_url, stock) VALUES (28, 'PAV-PAR-0027', 6350, 4080, '/uploads/products/party-wear-sarees-27.jpg', 10);
INSERT INTO products (id, title, description, category_id, seller_id, status, is_approved) VALUES (29, 'Authentic Party Wear Sarees in Georgette', 'Beautiful Party Wear Sarees made of Georgette suitable for Party Wear.', 16, 2, 'ACTIVE', 1);
INSERT INTO product_variants (product_id, sku, price, wholesale_price, image_url, stock) VALUES (29, 'PAV-PAR-0028', 6400, 4120, '/uploads/products/party-wear-sarees-28.jpg', 10);
INSERT INTO products (id, title, description, category_id, seller_id, status, is_approved) VALUES (30, 'Authentic Party Wear Sarees in Georgette', 'Beautiful Party Wear Sarees made of Georgette suitable for Party Wear.', 16, 2, 'ACTIVE', 1);
INSERT INTO product_variants (product_id, sku, price, wholesale_price, image_url, stock) VALUES (30, 'PAV-PAR-0029', 6450, 4160, '/uploads/products/party-wear-sarees-29.jpg', 10);
INSERT INTO products (id, title, description, category_id, seller_id, status, is_approved) VALUES (31, 'Authentic Party Wear Sarees in Georgette', 'Beautiful Party Wear Sarees made of Georgette suitable for Party Wear.', 16, 2, 'ACTIVE', 1);
INSERT INTO product_variants (product_id, sku, price, wholesale_price, image_url, stock) VALUES (31, 'PAV-PAR-0030', 6500, 4200, '/uploads/products/party-wear-sarees-30.jpg', 10);
INSERT INTO products (id, title, description, category_id, seller_id, status, is_approved) VALUES (32, 'Authentic Party Wear Sarees in Georgette', 'Beautiful Party Wear Sarees made of Georgette suitable for Party Wear.', 16, 2, 'ACTIVE', 1);
INSERT INTO product_variants (product_id, sku, price, wholesale_price, image_url, stock) VALUES (32, 'PAV-PAR-0031', 6550, 4240, '/uploads/products/party-wear-sarees-31.jpg', 10);
INSERT INTO products (id, title, description, category_id, seller_id, status, is_approved) VALUES (33, 'Authentic Party Wear Sarees in Georgette', 'Beautiful Party Wear Sarees made of Georgette suitable for Party Wear.', 16, 2, 'ACTIVE', 1);
INSERT INTO product_variants (product_id, sku, price, wholesale_price, image_url, stock) VALUES (33, 'PAV-PAR-0032', 6600, 4280, '/uploads/products/party-wear-sarees-32.jpg', 10);
INSERT INTO products (id, title, description, category_id, seller_id, status, is_approved) VALUES (34, 'Authentic Party Wear Sarees in Georgette', 'Beautiful Party Wear Sarees made of Georgette suitable for Party Wear.', 16, 2, 'ACTIVE', 1);
INSERT INTO product_variants (product_id, sku, price, wholesale_price, image_url, stock) VALUES (34, 'PAV-PAR-0033', 6650, 4320, '/uploads/products/party-wear-sarees-33.jpg', 10);
INSERT INTO products (id, title, description, category_id, seller_id, status, is_approved) VALUES (35, 'Authentic Party Wear Sarees in Georgette', 'Beautiful Party Wear Sarees made of Georgette suitable for Party Wear.', 16, 2, 'ACTIVE', 1);
INSERT INTO product_variants (product_id, sku, price, wholesale_price, image_url, stock) VALUES (35, 'PAV-PAR-0034', 6700, 4360, '/uploads/products/party-wear-sarees-34.jpg', 10);
INSERT INTO products (id, title, description, category_id, seller_id, status, is_approved) VALUES (36, 'Authentic Party Wear Sarees in Georgette', 'Beautiful Party Wear Sarees made of Georgette suitable for Party Wear.', 16, 2, 'ACTIVE', 1);
INSERT INTO product_variants (product_id, sku, price, wholesale_price, image_url, stock) VALUES (36, 'PAV-PAR-0035', 6750, 4400, '/uploads/products/party-wear-sarees-35.jpg', 10);
INSERT INTO products (id, title, description, category_id, seller_id, status, is_approved) VALUES (37, 'Authentic Party Wear Sarees in Georgette', 'Beautiful Party Wear Sarees made of Georgette suitable for Party Wear.', 16, 2, 'ACTIVE', 1);
INSERT INTO product_variants (product_id, sku, price, wholesale_price, image_url, stock) VALUES (37, 'PAV-PAR-0036', 6800, 4440, '/uploads/products/party-wear-sarees-36.jpg', 10);
INSERT INTO products (id, title, description, category_id, seller_id, status, is_approved) VALUES (38, 'Authentic Gota Patti Sarees in Georgette', 'Beautiful Gota Patti Sarees made of Georgette suitable for Festival Wear.', 4, 2, 'ACTIVE', 1);
INSERT INTO product_variants (product_id, sku, price, wholesale_price, image_url, stock) VALUES (38, 'PAV-GOT-0037', 6850, 4480, '/uploads/products/gota-patti-sarees-37.jpg', 10);
INSERT INTO products (id, title, description, category_id, seller_id, status, is_approved) VALUES (39, 'Authentic Gota Patti Sarees in Georgette', 'Beautiful Gota Patti Sarees made of Georgette suitable for Festival Wear.', 4, 2, 'ACTIVE', 1);
INSERT INTO product_variants (product_id, sku, price, wholesale_price, image_url, stock) VALUES (39, 'PAV-GOT-0038', 6900, 4520, '/uploads/products/gota-patti-sarees-38.jpg', 10);
INSERT INTO products (id, title, description, category_id, seller_id, status, is_approved) VALUES (40, 'Authentic Gota Patti Sarees in Georgette', 'Beautiful Gota Patti Sarees made of Georgette suitable for Festival Wear.', 4, 2, 'ACTIVE', 1);
INSERT INTO product_variants (product_id, sku, price, wholesale_price, image_url, stock) VALUES (40, 'PAV-GOT-0039', 6950, 4560, '/uploads/products/gota-patti-sarees-39.jpg', 10);
INSERT INTO products (id, title, description, category_id, seller_id, status, is_approved) VALUES (41, 'Authentic Gota Patti Sarees in Georgette', 'Beautiful Gota Patti Sarees made of Georgette suitable for Festival Wear.', 4, 2, 'ACTIVE', 1);
INSERT INTO product_variants (product_id, sku, price, wholesale_price, image_url, stock) VALUES (41, 'PAV-GOT-0040', 7000, 4600, '/uploads/products/gota-patti-sarees-40.jpg', 10);
INSERT INTO products (id, title, description, category_id, seller_id, status, is_approved) VALUES (42, 'Authentic Gota Patti Sarees in Georgette', 'Beautiful Gota Patti Sarees made of Georgette suitable for Festival Wear.', 4, 2, 'ACTIVE', 1);
INSERT INTO product_variants (product_id, sku, price, wholesale_price, image_url, stock) VALUES (42, 'PAV-GOT-0041', 7050, 4640, '/uploads/products/gota-patti-sarees-41.jpg', 10);
INSERT INTO products (id, title, description, category_id, seller_id, status, is_approved) VALUES (43, 'Authentic Gota Patti Sarees in Georgette', 'Beautiful Gota Patti Sarees made of Georgette suitable for Festival Wear.', 4, 2, 'ACTIVE', 1);
INSERT INTO product_variants (product_id, sku, price, wholesale_price, image_url, stock) VALUES (43, 'PAV-GOT-0042', 7100, 4680, '/uploads/products/gota-patti-sarees-42.jpg', 10);
INSERT INTO products (id, title, description, category_id, seller_id, status, is_approved) VALUES (44, 'Authentic Gota Patti Sarees in Georgette', 'Beautiful Gota Patti Sarees made of Georgette suitable for Festival Wear.', 4, 2, 'ACTIVE', 1);
INSERT INTO product_variants (product_id, sku, price, wholesale_price, image_url, stock) VALUES (44, 'PAV-GOT-0043', 7150, 4720, '/uploads/products/gota-patti-sarees-43.jpg', 10);
INSERT INTO products (id, title, description, category_id, seller_id, status, is_approved) VALUES (45, 'Authentic Gota Patti Sarees in Georgette', 'Beautiful Gota Patti Sarees made of Georgette suitable for Festival Wear.', 4, 2, 'ACTIVE', 1);
INSERT INTO product_variants (product_id, sku, price, wholesale_price, image_url, stock) VALUES (45, 'PAV-GOT-0044', 7200, 4760, '/uploads/products/gota-patti-sarees-44.jpg', 10);
INSERT INTO products (id, title, description, category_id, seller_id, status, is_approved) VALUES (46, 'Authentic Gota Patti Sarees in Georgette', 'Beautiful Gota Patti Sarees made of Georgette suitable for Festival Wear.', 4, 2, 'ACTIVE', 1);
INSERT INTO product_variants (product_id, sku, price, wholesale_price, image_url, stock) VALUES (46, 'PAV-GOT-0045', 7250, 4800, '/uploads/products/gota-patti-sarees-45.jpg', 10);
INSERT INTO products (id, title, description, category_id, seller_id, status, is_approved) VALUES (47, 'Authentic Gota Patti Sarees in Georgette', 'Beautiful Gota Patti Sarees made of Georgette suitable for Festival Wear.', 4, 2, 'ACTIVE', 1);
INSERT INTO product_variants (product_id, sku, price, wholesale_price, image_url, stock) VALUES (47, 'PAV-GOT-0046', 7300, 4840, '/uploads/products/gota-patti-sarees-46.jpg', 10);
INSERT INTO products (id, title, description, category_id, seller_id, status, is_approved) VALUES (48, 'Authentic Gota Patti Sarees in Georgette', 'Beautiful Gota Patti Sarees made of Georgette suitable for Festival Wear.', 4, 2, 'ACTIVE', 1);
INSERT INTO product_variants (product_id, sku, price, wholesale_price, image_url, stock) VALUES (48, 'PAV-GOT-0047', 7350, 4880, '/uploads/products/gota-patti-sarees-47.jpg', 10);
INSERT INTO products (id, title, description, category_id, seller_id, status, is_approved) VALUES (49, 'Authentic Gota Patti Sarees in Georgette', 'Beautiful Gota Patti Sarees made of Georgette suitable for Festival Wear.', 4, 2, 'ACTIVE', 1);
INSERT INTO product_variants (product_id, sku, price, wholesale_price, image_url, stock) VALUES (49, 'PAV-GOT-0048', 7400, 4920, '/uploads/products/gota-patti-sarees-48.jpg', 10);
INSERT INTO products (id, title, description, category_id, seller_id, status, is_approved) VALUES (50, 'Authentic Gota Patti Sarees in Georgette', 'Beautiful Gota Patti Sarees made of Georgette suitable for Festival Wear.', 4, 2, 'ACTIVE', 1);
INSERT INTO product_variants (product_id, sku, price, wholesale_price, image_url, stock) VALUES (50, 'PAV-GOT-0049', 7450, 4960, '/uploads/products/gota-patti-sarees-49.jpg', 10);
INSERT INTO products (id, title, description, category_id, seller_id, status, is_approved) VALUES (51, 'Authentic Gota Patti Sarees in Georgette', 'Beautiful Gota Patti Sarees made of Georgette suitable for Festival Wear.', 4, 2, 'ACTIVE', 1);
INSERT INTO product_variants (product_id, sku, price, wholesale_price, image_url, stock) VALUES (51, 'PAV-GOT-0050', 7500, 5000, '/uploads/products/gota-patti-sarees-50.jpg', 10);
INSERT INTO products (id, title, description, category_id, seller_id, status, is_approved) VALUES (52, 'Authentic Gota Patti Sarees in Georgette', 'Beautiful Gota Patti Sarees made of Georgette suitable for Festival Wear.', 4, 2, 'ACTIVE', 1);
INSERT INTO product_variants (product_id, sku, price, wholesale_price, image_url, stock) VALUES (52, 'PAV-GOT-0051', 7550, 5040, '/uploads/products/gota-patti-sarees-51.jpg', 10);
INSERT INTO products (id, title, description, category_id, seller_id, status, is_approved) VALUES (53, 'Authentic Gota Patti Sarees in Georgette', 'Beautiful Gota Patti Sarees made of Georgette suitable for Festival Wear.', 4, 2, 'ACTIVE', 1);
INSERT INTO product_variants (product_id, sku, price, wholesale_price, image_url, stock) VALUES (53, 'PAV-GOT-0052', 7600, 5080, '/uploads/products/gota-patti-sarees-52.jpg', 10);
INSERT INTO products (id, title, description, category_id, seller_id, status, is_approved) VALUES (54, 'Authentic Gota Patti Sarees in Georgette', 'Beautiful Gota Patti Sarees made of Georgette suitable for Festival Wear.', 4, 2, 'ACTIVE', 1);
INSERT INTO product_variants (product_id, sku, price, wholesale_price, image_url, stock) VALUES (54, 'PAV-GOT-0053', 7650, 5120, '/uploads/products/gota-patti-sarees-53.jpg', 10);
INSERT INTO products (id, title, description, category_id, seller_id, status, is_approved) VALUES (55, 'Authentic Gota Patti Sarees in Georgette', 'Beautiful Gota Patti Sarees made of Georgette suitable for Festival Wear.', 4, 2, 'ACTIVE', 1);
INSERT INTO product_variants (product_id, sku, price, wholesale_price, image_url, stock) VALUES (55, 'PAV-GOT-0054', 7700, 5160, '/uploads/products/gota-patti-sarees-54.jpg', 10);
INSERT INTO products (id, title, description, category_id, seller_id, status, is_approved) VALUES (56, 'Authentic Gota Patti Sarees in Georgette', 'Beautiful Gota Patti Sarees made of Georgette suitable for Festival Wear.', 4, 2, 'ACTIVE', 1);
INSERT INTO product_variants (product_id, sku, price, wholesale_price, image_url, stock) VALUES (56, 'PAV-GOT-0055', 7750, 5200, '/uploads/products/gota-patti-sarees-55.jpg', 10);
INSERT INTO products (id, title, description, category_id, seller_id, status, is_approved) VALUES (57, 'Authentic Gota Patti Sarees in Georgette', 'Beautiful Gota Patti Sarees made of Georgette suitable for Festival Wear.', 4, 2, 'ACTIVE', 1);
INSERT INTO product_variants (product_id, sku, price, wholesale_price, image_url, stock) VALUES (57, 'PAV-GOT-0056', 7800, 5240, '/uploads/products/gota-patti-sarees-56.jpg', 10);
INSERT INTO products (id, title, description, category_id, seller_id, status, is_approved) VALUES (58, 'Authentic Gota Patti Sarees in Georgette', 'Beautiful Gota Patti Sarees made of Georgette suitable for Festival Wear.', 4, 2, 'ACTIVE', 1);
INSERT INTO product_variants (product_id, sku, price, wholesale_price, image_url, stock) VALUES (58, 'PAV-GOT-0057', 7850, 5280, '/uploads/products/gota-patti-sarees-57.jpg', 10);
INSERT INTO products (id, title, description, category_id, seller_id, status, is_approved) VALUES (59, 'Authentic Gota Patti Sarees in Georgette', 'Beautiful Gota Patti Sarees made of Georgette suitable for Festival Wear.', 4, 2, 'ACTIVE', 1);
INSERT INTO product_variants (product_id, sku, price, wholesale_price, image_url, stock) VALUES (59, 'PAV-GOT-0058', 7900, 5320, '/uploads/products/gota-patti-sarees-58.jpg', 10);
INSERT INTO products (id, title, description, category_id, seller_id, status, is_approved) VALUES (60, 'Authentic Gota Patti Sarees in Georgette', 'Beautiful Gota Patti Sarees made of Georgette suitable for Festival Wear.', 4, 2, 'ACTIVE', 1);
INSERT INTO product_variants (product_id, sku, price, wholesale_price, image_url, stock) VALUES (60, 'PAV-GOT-0059', 7950, 5360, '/uploads/products/gota-patti-sarees-59.jpg', 10);
INSERT INTO products (id, title, description, category_id, seller_id, status, is_approved) VALUES (61, 'Authentic Gota Patti Sarees in Georgette', 'Beautiful Gota Patti Sarees made of Georgette suitable for Festival Wear.', 4, 2, 'ACTIVE', 1);
INSERT INTO product_variants (product_id, sku, price, wholesale_price, image_url, stock) VALUES (61, 'PAV-GOT-0060', 8000, 5400, '/uploads/products/gota-patti-sarees-60.jpg', 10);
INSERT INTO products (id, title, description, category_id, seller_id, status, is_approved) VALUES (62, 'Authentic Gota Patti Sarees in Georgette', 'Beautiful Gota Patti Sarees made of Georgette suitable for Festival Wear.', 4, 2, 'ACTIVE', 1);
INSERT INTO product_variants (product_id, sku, price, wholesale_price, image_url, stock) VALUES (62, 'PAV-GOT-0061', 8050, 5440, '/uploads/products/gota-patti-sarees-61.jpg', 10);
INSERT INTO products (id, title, description, category_id, seller_id, status, is_approved) VALUES (63, 'Authentic Gota Patti Sarees in Georgette', 'Beautiful Gota Patti Sarees made of Georgette suitable for Festival Wear.', 4, 2, 'ACTIVE', 1);
INSERT INTO product_variants (product_id, sku, price, wholesale_price, image_url, stock) VALUES (63, 'PAV-GOT-0062', 8100, 5480, '/uploads/products/gota-patti-sarees-62.jpg', 10);
INSERT INTO products (id, title, description, category_id, seller_id, status, is_approved) VALUES (64, 'Authentic Gota Patti Sarees in Georgette', 'Beautiful Gota Patti Sarees made of Georgette suitable for Festival Wear.', 4, 2, 'ACTIVE', 1);
INSERT INTO product_variants (product_id, sku, price, wholesale_price, image_url, stock) VALUES (64, 'PAV-GOT-0063', 8150, 5520, '/uploads/products/gota-patti-sarees-63.jpg', 10);
INSERT INTO products (id, title, description, category_id, seller_id, status, is_approved) VALUES (65, 'Authentic Gota Patti Sarees in Georgette', 'Beautiful Gota Patti Sarees made of Georgette suitable for Festival Wear.', 4, 2, 'ACTIVE', 1);
INSERT INTO product_variants (product_id, sku, price, wholesale_price, image_url, stock) VALUES (65, 'PAV-GOT-0064', 8200, 5560, '/uploads/products/gota-patti-sarees-64.jpg', 10);
INSERT INTO products (id, title, description, category_id, seller_id, status, is_approved) VALUES (66, 'Authentic Gota Patti Sarees in Georgette', 'Beautiful Gota Patti Sarees made of Georgette suitable for Festival Wear.', 4, 2, 'ACTIVE', 1);
INSERT INTO product_variants (product_id, sku, price, wholesale_price, image_url, stock) VALUES (66, 'PAV-GOT-0065', 8250, 5600, '/uploads/products/gota-patti-sarees-65.jpg', 10);
INSERT INTO products (id, title, description, category_id, seller_id, status, is_approved) VALUES (67, 'Authentic Gota Patti Sarees in Georgette', 'Beautiful Gota Patti Sarees made of Georgette suitable for Festival Wear.', 4, 2, 'ACTIVE', 1);
INSERT INTO product_variants (product_id, sku, price, wholesale_price, image_url, stock) VALUES (67, 'PAV-GOT-0066', 8300, 5640, '/uploads/products/gota-patti-sarees-66.jpg', 10);
INSERT INTO products (id, title, description, category_id, seller_id, status, is_approved) VALUES (68, 'Authentic Gota Patti Sarees in Georgette', 'Beautiful Gota Patti Sarees made of Georgette suitable for Festival Wear.', 4, 2, 'ACTIVE', 1);
INSERT INTO product_variants (product_id, sku, price, wholesale_price, image_url, stock) VALUES (68, 'PAV-GOT-0067', 8350, 5680, '/uploads/products/gota-patti-sarees-67.jpg', 10);
INSERT INTO products (id, title, description, category_id, seller_id, status, is_approved) VALUES (69, 'Authentic Gota Patti Sarees in Georgette', 'Beautiful Gota Patti Sarees made of Georgette suitable for Festival Wear.', 4, 2, 'ACTIVE', 1);
INSERT INTO product_variants (product_id, sku, price, wholesale_price, image_url, stock) VALUES (69, 'PAV-GOT-0068', 8400, 5720, '/uploads/products/gota-patti-sarees-68.jpg', 10);
INSERT INTO products (id, title, description, category_id, seller_id, status, is_approved) VALUES (70, 'Authentic Gota Patti Sarees in Georgette', 'Beautiful Gota Patti Sarees made of Georgette suitable for Festival Wear.', 4, 2, 'ACTIVE', 1);
INSERT INTO product_variants (product_id, sku, price, wholesale_price, image_url, stock) VALUES (70, 'PAV-GOT-0069', 8450, 5760, '/uploads/products/gota-patti-sarees-69.jpg', 10);
INSERT INTO products (id, title, description, category_id, seller_id, status, is_approved) VALUES (71, 'Authentic Gota Patti Sarees in Georgette', 'Beautiful Gota Patti Sarees made of Georgette suitable for Festival Wear.', 4, 2, 'ACTIVE', 1);
INSERT INTO product_variants (product_id, sku, price, wholesale_price, image_url, stock) VALUES (71, 'PAV-GOT-0070', 8500, 5800, '/uploads/products/gota-patti-sarees-70.jpg', 10);
INSERT INTO products (id, title, description, category_id, seller_id, status, is_approved) VALUES (72, 'Authentic Gota Patti Sarees in Georgette', 'Beautiful Gota Patti Sarees made of Georgette suitable for Festival Wear.', 4, 2, 'ACTIVE', 1);
INSERT INTO product_variants (product_id, sku, price, wholesale_price, image_url, stock) VALUES (72, 'PAV-GOT-0071', 8550, 5840, '/uploads/products/gota-patti-sarees-71.jpg', 10);
INSERT INTO products (id, title, description, category_id, seller_id, status, is_approved) VALUES (73, 'Authentic Gota Patti Sarees in Georgette', 'Beautiful Gota Patti Sarees made of Georgette suitable for Festival Wear.', 4, 2, 'ACTIVE', 1);
INSERT INTO product_variants (product_id, sku, price, wholesale_price, image_url, stock) VALUES (73, 'PAV-GOT-0072', 8600, 5880, '/uploads/products/gota-patti-sarees-72.jpg', 10);
INSERT INTO products (id, title, description, category_id, seller_id, status, is_approved) VALUES (74, 'Authentic Gota Patti Sarees in Georgette', 'Beautiful Gota Patti Sarees made of Georgette suitable for Festival Wear.', 4, 2, 'ACTIVE', 1);
INSERT INTO product_variants (product_id, sku, price, wholesale_price, image_url, stock) VALUES (74, 'PAV-GOT-0073', 8650, 5920, '/uploads/products/gota-patti-sarees-73.jpg', 10);
INSERT INTO products (id, title, description, category_id, seller_id, status, is_approved) VALUES (75, 'Authentic Gota Patti Sarees in Georgette', 'Beautiful Gota Patti Sarees made of Georgette suitable for Festival Wear.', 4, 2, 'ACTIVE', 1);
INSERT INTO product_variants (product_id, sku, price, wholesale_price, image_url, stock) VALUES (75, 'PAV-GOT-0074', 8700, 5960, '/uploads/products/gota-patti-sarees-74.jpg', 10);
INSERT INTO products (id, title, description, category_id, seller_id, status, is_approved) VALUES (76, 'Authentic Gota Patti Sarees in Georgette', 'Beautiful Gota Patti Sarees made of Georgette suitable for Festival Wear.', 4, 2, 'ACTIVE', 1);
INSERT INTO product_variants (product_id, sku, price, wholesale_price, image_url, stock) VALUES (76, 'PAV-GOT-0075', 8750, 6000, '/uploads/products/gota-patti-sarees-75.jpg', 10);
INSERT INTO products (id, title, description, category_id, seller_id, status, is_approved) VALUES (77, 'Authentic Gota Patti Sarees in Georgette', 'Beautiful Gota Patti Sarees made of Georgette suitable for Festival Wear.', 4, 2, 'ACTIVE', 1);
INSERT INTO product_variants (product_id, sku, price, wholesale_price, image_url, stock) VALUES (77, 'PAV-GOT-0076', 8800, 6040, '/uploads/products/gota-patti-sarees-76.jpg', 10);
INSERT INTO products (id, title, description, category_id, seller_id, status, is_approved) VALUES (78, 'Authentic Gota Patti Sarees in Georgette', 'Beautiful Gota Patti Sarees made of Georgette suitable for Festival Wear.', 4, 2, 'ACTIVE', 1);
INSERT INTO product_variants (product_id, sku, price, wholesale_price, image_url, stock) VALUES (78, 'PAV-GOT-0077', 8850, 6080, '/uploads/products/gota-patti-sarees-77.jpg', 10);
INSERT INTO products (id, title, description, category_id, seller_id, status, is_approved) VALUES (79, 'Authentic Gota Patti Sarees in Georgette', 'Beautiful Gota Patti Sarees made of Georgette suitable for Festival Wear.', 4, 2, 'ACTIVE', 1);
INSERT INTO product_variants (product_id, sku, price, wholesale_price, image_url, stock) VALUES (79, 'PAV-GOT-0078', 8900, 6120, '/uploads/products/gota-patti-sarees-78.jpg', 10);
INSERT INTO products (id, title, description, category_id, seller_id, status, is_approved) VALUES (80, 'Authentic Gota Patti Sarees in Georgette', 'Beautiful Gota Patti Sarees made of Georgette suitable for Festival Wear.', 4, 2, 'ACTIVE', 1);
INSERT INTO product_variants (product_id, sku, price, wholesale_price, image_url, stock) VALUES (80, 'PAV-GOT-0079', 8950, 6160, '/uploads/products/gota-patti-sarees-79.jpg', 10);
INSERT INTO products (id, title, description, category_id, seller_id, status, is_approved) VALUES (81, 'Authentic Gota Patti Sarees in Georgette', 'Beautiful Gota Patti Sarees made of Georgette suitable for Festival Wear.', 4, 2, 'ACTIVE', 1);
INSERT INTO product_variants (product_id, sku, price, wholesale_price, image_url, stock) VALUES (81, 'PAV-GOT-0080', 9000, 6200, '/uploads/products/gota-patti-sarees-80.jpg', 10);
INSERT INTO products (id, title, description, category_id, seller_id, status, is_approved) VALUES (82, 'Authentic Gota Patti Sarees in Georgette', 'Beautiful Gota Patti Sarees made of Georgette suitable for Festival Wear.', 4, 2, 'ACTIVE', 1);
INSERT INTO product_variants (product_id, sku, price, wholesale_price, image_url, stock) VALUES (82, 'PAV-GOT-0081', 9050, 6240, '/uploads/products/gota-patti-sarees-81.jpg', 10);
INSERT INTO products (id, title, description, category_id, seller_id, status, is_approved) VALUES (83, 'Authentic Gota Patti Sarees in Georgette', 'Beautiful Gota Patti Sarees made of Georgette suitable for Festival Wear.', 4, 2, 'ACTIVE', 1);
INSERT INTO product_variants (product_id, sku, price, wholesale_price, image_url, stock) VALUES (83, 'PAV-GOT-0082', 9100, 6280, '/uploads/products/gota-patti-sarees-82.jpg', 10);
INSERT INTO products (id, title, description, category_id, seller_id, status, is_approved) VALUES (84, 'Authentic Gota Patti Sarees in Georgette', 'Beautiful Gota Patti Sarees made of Georgette suitable for Festival Wear.', 4, 2, 'ACTIVE', 1);
INSERT INTO product_variants (product_id, sku, price, wholesale_price, image_url, stock) VALUES (84, 'PAV-GOT-0083', 9150, 6320, '/uploads/products/gota-patti-sarees-83.jpg', 10);
INSERT INTO products (id, title, description, category_id, seller_id, status, is_approved) VALUES (85, 'Authentic Gota Patti Sarees in Georgette', 'Beautiful Gota Patti Sarees made of Georgette suitable for Festival Wear.', 4, 2, 'ACTIVE', 1);
INSERT INTO product_variants (product_id, sku, price, wholesale_price, image_url, stock) VALUES (85, 'PAV-GOT-0084', 9200, 6360, '/uploads/products/gota-patti-sarees-84.jpg', 10);
INSERT INTO products (id, title, description, category_id, seller_id, status, is_approved) VALUES (86, 'Authentic Gota Patti Sarees in Georgette', 'Beautiful Gota Patti Sarees made of Georgette suitable for Festival Wear.', 4, 2, 'ACTIVE', 1);
INSERT INTO product_variants (product_id, sku, price, wholesale_price, image_url, stock) VALUES (86, 'PAV-GOT-0085', 9250, 6400, '/uploads/products/gota-patti-sarees-85.jpg', 10);
INSERT INTO products (id, title, description, category_id, seller_id, status, is_approved) VALUES (87, 'Authentic Gota Patti Sarees in Georgette', 'Beautiful Gota Patti Sarees made of Georgette suitable for Festival Wear.', 4, 2, 'ACTIVE', 1);
INSERT INTO product_variants (product_id, sku, price, wholesale_price, image_url, stock) VALUES (87, 'PAV-GOT-0086', 9300, 6440, '/uploads/products/gota-patti-sarees-86.jpg', 10);
INSERT INTO products (id, title, description, category_id, seller_id, status, is_approved) VALUES (88, 'Authentic Gota Patti Sarees in Georgette', 'Beautiful Gota Patti Sarees made of Georgette suitable for Festival Wear.', 4, 2, 'ACTIVE', 1);
INSERT INTO product_variants (product_id, sku, price, wholesale_price, image_url, stock) VALUES (88, 'PAV-GOT-0087', 9350, 6480, '/uploads/products/gota-patti-sarees-87.jpg', 10);
INSERT INTO products (id, title, description, category_id, seller_id, status, is_approved) VALUES (89, 'Authentic Gota Patti Sarees in Georgette', 'Beautiful Gota Patti Sarees made of Georgette suitable for Festival Wear.', 4, 2, 'ACTIVE', 1);
INSERT INTO product_variants (product_id, sku, price, wholesale_price, image_url, stock) VALUES (89, 'PAV-GOT-0088', 9400, 6520, '/uploads/products/gota-patti-sarees-88.jpg', 10);
INSERT INTO products (id, title, description, category_id, seller_id, status, is_approved) VALUES (90, 'Authentic Gota Patti Sarees in Georgette', 'Beautiful Gota Patti Sarees made of Georgette suitable for Festival Wear.', 4, 2, 'ACTIVE', 1);
INSERT INTO product_variants (product_id, sku, price, wholesale_price, image_url, stock) VALUES (90, 'PAV-GOT-0089', 9450, 6560, '/uploads/products/gota-patti-sarees-89.jpg', 10);
INSERT INTO products (id, title, description, category_id, seller_id, status, is_approved) VALUES (91, 'Authentic Gota Patti Sarees in Georgette', 'Beautiful Gota Patti Sarees made of Georgette suitable for Festival Wear.', 4, 2, 'ACTIVE', 1);
INSERT INTO product_variants (product_id, sku, price, wholesale_price, image_url, stock) VALUES (91, 'PAV-GOT-0090', 9500, 6600, '/uploads/products/gota-patti-sarees-90.jpg', 10);
INSERT INTO products (id, title, description, category_id, seller_id, status, is_approved) VALUES (92, 'Authentic Gota Patti Sarees in Georgette', 'Beautiful Gota Patti Sarees made of Georgette suitable for Festival Wear.', 4, 2, 'ACTIVE', 1);
INSERT INTO product_variants (product_id, sku, price, wholesale_price, image_url, stock) VALUES (92, 'PAV-GOT-0091', 9550, 6640, '/uploads/products/gota-patti-sarees-91.jpg', 10);
INSERT INTO products (id, title, description, category_id, seller_id, status, is_approved) VALUES (93, 'Authentic Gota Patti Sarees in Georgette', 'Beautiful Gota Patti Sarees made of Georgette suitable for Festival Wear.', 4, 2, 'ACTIVE', 1);
INSERT INTO product_variants (product_id, sku, price, wholesale_price, image_url, stock) VALUES (93, 'PAV-GOT-0092', 9600, 6680, '/uploads/products/gota-patti-sarees-92.jpg', 10);
INSERT INTO products (id, title, description, category_id, seller_id, status, is_approved) VALUES (94, 'Authentic Gota Patti Sarees in Georgette', 'Beautiful Gota Patti Sarees made of Georgette suitable for Festival Wear.', 4, 2, 'ACTIVE', 1);
INSERT INTO product_variants (product_id, sku, price, wholesale_price, image_url, stock) VALUES (94, 'PAV-GOT-0093', 9650, 6720, '/uploads/products/gota-patti-sarees-93.jpg', 10);
INSERT INTO products (id, title, description, category_id, seller_id, status, is_approved) VALUES (95, 'Authentic Gota Patti Sarees in Georgette', 'Beautiful Gota Patti Sarees made of Georgette suitable for Festival Wear.', 4, 2, 'ACTIVE', 1);
INSERT INTO product_variants (product_id, sku, price, wholesale_price, image_url, stock) VALUES (95, 'PAV-GOT-0094', 9700, 6760, '/uploads/products/gota-patti-sarees-94.jpg', 10);
INSERT INTO products (id, title, description, category_id, seller_id, status, is_approved) VALUES (96, 'Authentic Gota Patti Sarees in Georgette', 'Beautiful Gota Patti Sarees made of Georgette suitable for Festival Wear.', 4, 2, 'ACTIVE', 1);
INSERT INTO product_variants (product_id, sku, price, wholesale_price, image_url, stock) VALUES (96, 'PAV-GOT-0095', 9750, 6800, '/uploads/products/gota-patti-sarees-95.jpg', 10);
INSERT INTO products (id, title, description, category_id, seller_id, status, is_approved) VALUES (97, 'Authentic Gota Patti Sarees in Georgette', 'Beautiful Gota Patti Sarees made of Georgette suitable for Festival Wear.', 4, 2, 'ACTIVE', 1);
INSERT INTO product_variants (product_id, sku, price, wholesale_price, image_url, stock) VALUES (97, 'PAV-GOT-0096', 9800, 6840, '/uploads/products/gota-patti-sarees-96.jpg', 10);
INSERT INTO products (id, title, description, category_id, seller_id, status, is_approved) VALUES (98, 'Authentic Gota Patti Sarees in Georgette', 'Beautiful Gota Patti Sarees made of Georgette suitable for Festival Wear.', 4, 2, 'ACTIVE', 1);
INSERT INTO product_variants (product_id, sku, price, wholesale_price, image_url, stock) VALUES (98, 'PAV-GOT-0097', 9850, 6880, '/uploads/products/gota-patti-sarees-97.jpg', 10);
INSERT INTO products (id, title, description, category_id, seller_id, status, is_approved) VALUES (99, 'Authentic Gota Patti Sarees in Georgette', 'Beautiful Gota Patti Sarees made of Georgette suitable for Festival Wear.', 4, 2, 'ACTIVE', 1);
INSERT INTO product_variants (product_id, sku, price, wholesale_price, image_url, stock) VALUES (99, 'PAV-GOT-0098', 9900, 6920, '/uploads/products/gota-patti-sarees-98.jpg', 10);
INSERT INTO products (id, title, description, category_id, seller_id, status, is_approved) VALUES (100, 'Authentic Gota Patti Sarees in Georgette', 'Beautiful Gota Patti Sarees made of Georgette suitable for Festival Wear.', 4, 2, 'ACTIVE', 1);
INSERT INTO product_variants (product_id, sku, price, wholesale_price, image_url, stock) VALUES (100, 'PAV-GOT-0099', 9950, 6960, '/uploads/products/gota-patti-sarees-99.jpg', 10);
INSERT INTO products (id, title, description, category_id, seller_id, status, is_approved) VALUES (101, 'Authentic Gota Patti Sarees in Georgette', 'Beautiful Gota Patti Sarees made of Georgette suitable for Festival Wear.', 4, 2, 'ACTIVE', 1);
INSERT INTO product_variants (product_id, sku, price, wholesale_price, image_url, stock) VALUES (101, 'PAV-GOT-0100', 10000, 7000, '/uploads/products/gota-patti-sarees-100.jpg', 10);
INSERT INTO products (id, title, description, category_id, seller_id, status, is_approved) VALUES (102, 'Authentic Gota Patti Sarees in Georgette', 'Beautiful Gota Patti Sarees made of Georgette suitable for Festival Wear.', 4, 2, 'ACTIVE', 1);
INSERT INTO product_variants (product_id, sku, price, wholesale_price, image_url, stock) VALUES (102, 'PAV-GOT-0101', 10050, 7040, '/uploads/products/gota-patti-sarees-101.jpg', 10);
INSERT INTO products (id, title, description, category_id, seller_id, status, is_approved) VALUES (103, 'Authentic Gota Patti Sarees in Georgette', 'Beautiful Gota Patti Sarees made of Georgette suitable for Festival Wear.', 4, 2, 'ACTIVE', 1);
INSERT INTO product_variants (product_id, sku, price, wholesale_price, image_url, stock) VALUES (103, 'PAV-GOT-0102', 10100, 7080, '/uploads/products/gota-patti-sarees-102.jpg', 10);
INSERT INTO products (id, title, description, category_id, seller_id, status, is_approved) VALUES (104, 'Authentic Gota Patti Sarees in Georgette', 'Beautiful Gota Patti Sarees made of Georgette suitable for Festival Wear.', 4, 2, 'ACTIVE', 1);
INSERT INTO product_variants (product_id, sku, price, wholesale_price, image_url, stock) VALUES (104, 'PAV-GOT-0103', 10150, 7120, '/uploads/products/gota-patti-sarees-103.jpg', 10);
INSERT INTO products (id, title, description, category_id, seller_id, status, is_approved) VALUES (105, 'Authentic Gota Patti Sarees in Georgette', 'Beautiful Gota Patti Sarees made of Georgette suitable for Festival Wear.', 4, 2, 'ACTIVE', 1);
INSERT INTO product_variants (product_id, sku, price, wholesale_price, image_url, stock) VALUES (105, 'PAV-GOT-0104', 10200, 7160, '/uploads/products/gota-patti-sarees-104.jpg', 10);
INSERT INTO products (id, title, description, category_id, seller_id, status, is_approved) VALUES (106, 'Authentic Gota Patti Sarees in Georgette', 'Beautiful Gota Patti Sarees made of Georgette suitable for Festival Wear.', 4, 2, 'ACTIVE', 1);
INSERT INTO product_variants (product_id, sku, price, wholesale_price, image_url, stock) VALUES (106, 'PAV-GOT-0105', 10250, 7200, '/uploads/products/gota-patti-sarees-105.jpg', 10);
INSERT INTO products (id, title, description, category_id, seller_id, status, is_approved) VALUES (107, 'Authentic Gota Patti Sarees in Georgette', 'Beautiful Gota Patti Sarees made of Georgette suitable for Festival Wear.', 4, 2, 'ACTIVE', 1);
INSERT INTO product_variants (product_id, sku, price, wholesale_price, image_url, stock) VALUES (107, 'PAV-GOT-0106', 10300, 7240, '/uploads/products/gota-patti-sarees-106.jpg', 10);
INSERT INTO products (id, title, description, category_id, seller_id, status, is_approved) VALUES (108, 'Authentic Gota Patti Sarees in Georgette', 'Beautiful Gota Patti Sarees made of Georgette suitable for Festival Wear.', 4, 2, 'ACTIVE', 1);
INSERT INTO product_variants (product_id, sku, price, wholesale_price, image_url, stock) VALUES (108, 'PAV-GOT-0107', 10350, 7280, '/uploads/products/gota-patti-sarees-107.jpg', 10);
INSERT INTO products (id, title, description, category_id, seller_id, status, is_approved) VALUES (109, 'Authentic Gota Patti Sarees in Georgette', 'Beautiful Gota Patti Sarees made of Georgette suitable for Festival Wear.', 4, 2, 'ACTIVE', 1);
INSERT INTO product_variants (product_id, sku, price, wholesale_price, image_url, stock) VALUES (109, 'PAV-GOT-0108', 10400, 7320, '/uploads/products/gota-patti-sarees-108.jpg', 10);
INSERT INTO products (id, title, description, category_id, seller_id, status, is_approved) VALUES (110, 'Authentic Gota Patti Sarees in Georgette', 'Beautiful Gota Patti Sarees made of Georgette suitable for Festival Wear.', 4, 2, 'ACTIVE', 1);
INSERT INTO product_variants (product_id, sku, price, wholesale_price, image_url, stock) VALUES (110, 'PAV-GOT-0109', 10450, 7360, '/uploads/products/gota-patti-sarees-109.jpg', 10);
INSERT INTO products (id, title, description, category_id, seller_id, status, is_approved) VALUES (111, 'Authentic Gota Patti Sarees in Georgette', 'Beautiful Gota Patti Sarees made of Georgette suitable for Festival Wear.', 4, 2, 'ACTIVE', 1);
INSERT INTO product_variants (product_id, sku, price, wholesale_price, image_url, stock) VALUES (111, 'PAV-GOT-0110', 10500, 7400, '/uploads/products/gota-patti-sarees-110.jpg', 10);
INSERT INTO products (id, title, description, category_id, seller_id, status, is_approved) VALUES (112, 'Authentic Gota Patti Sarees in Georgette', 'Beautiful Gota Patti Sarees made of Georgette suitable for Festival Wear.', 4, 2, 'ACTIVE', 1);
INSERT INTO product_variants (product_id, sku, price, wholesale_price, image_url, stock) VALUES (112, 'PAV-GOT-0111', 10550, 7440, '/uploads/products/gota-patti-sarees-111.jpg', 10);
INSERT INTO products (id, title, description, category_id, seller_id, status, is_approved) VALUES (113, 'Authentic Gota Patti Sarees in Georgette', 'Beautiful Gota Patti Sarees made of Georgette suitable for Festival Wear.', 4, 2, 'ACTIVE', 1);
INSERT INTO product_variants (product_id, sku, price, wholesale_price, image_url, stock) VALUES (113, 'PAV-GOT-0112', 10600, 7480, '/uploads/products/gota-patti-sarees-112.jpg', 10);
INSERT INTO products (id, title, description, category_id, seller_id, status, is_approved) VALUES (114, 'Authentic Gota Patti Sarees in Georgette', 'Beautiful Gota Patti Sarees made of Georgette suitable for Festival Wear.', 4, 2, 'ACTIVE', 1);
INSERT INTO product_variants (product_id, sku, price, wholesale_price, image_url, stock) VALUES (114, 'PAV-GOT-0113', 10650, 7520, '/uploads/products/gota-patti-sarees-113.jpg', 10);
INSERT INTO products (id, title, description, category_id, seller_id, status, is_approved) VALUES (115, 'Authentic Gota Patti Sarees in Georgette', 'Beautiful Gota Patti Sarees made of Georgette suitable for Festival Wear.', 4, 2, 'ACTIVE', 1);
INSERT INTO product_variants (product_id, sku, price, wholesale_price, image_url, stock) VALUES (115, 'PAV-GOT-0114', 10700, 7560, '/uploads/products/gota-patti-sarees-114.jpg', 10);
INSERT INTO products (id, title, description, category_id, seller_id, status, is_approved) VALUES (116, 'Authentic Gota Patti Sarees in Georgette', 'Beautiful Gota Patti Sarees made of Georgette suitable for Festival Wear.', 4, 2, 'ACTIVE', 1);
INSERT INTO product_variants (product_id, sku, price, wholesale_price, image_url, stock) VALUES (116, 'PAV-GOT-0115', 10750, 7600, '/uploads/products/gota-patti-sarees-115.jpg', 10);
INSERT INTO products (id, title, description, category_id, seller_id, status, is_approved) VALUES (117, 'Authentic Gota Patti Sarees in Georgette', 'Beautiful Gota Patti Sarees made of Georgette suitable for Festival Wear.', 4, 2, 'ACTIVE', 1);
INSERT INTO product_variants (product_id, sku, price, wholesale_price, image_url, stock) VALUES (117, 'PAV-GOT-0116', 10800, 7640, '/uploads/products/gota-patti-sarees-116.jpg', 10);
INSERT INTO products (id, title, description, category_id, seller_id, status, is_approved) VALUES (118, 'Authentic Gota Patti Sarees in Georgette', 'Beautiful Gota Patti Sarees made of Georgette suitable for Festival Wear.', 4, 2, 'ACTIVE', 1);
INSERT INTO product_variants (product_id, sku, price, wholesale_price, image_url, stock) VALUES (118, 'PAV-GOT-0117', 10850, 7680, '/uploads/products/gota-patti-sarees-117.jpg', 10);
INSERT INTO products (id, title, description, category_id, seller_id, status, is_approved) VALUES (119, 'Authentic Gota Patti Sarees in Georgette', 'Beautiful Gota Patti Sarees made of Georgette suitable for Festival Wear.', 4, 2, 'ACTIVE', 1);
INSERT INTO product_variants (product_id, sku, price, wholesale_price, image_url, stock) VALUES (119, 'PAV-GOT-0118', 10900, 7720, '/uploads/products/gota-patti-sarees-118.jpg', 10);
INSERT INTO products (id, title, description, category_id, seller_id, status, is_approved) VALUES (120, 'Authentic Gota Patti Sarees in Georgette', 'Beautiful Gota Patti Sarees made of Georgette suitable for Festival Wear.', 4, 2, 'ACTIVE', 1);
INSERT INTO product_variants (product_id, sku, price, wholesale_price, image_url, stock) VALUES (120, 'PAV-GOT-0119', 10950, 7760, '/uploads/products/gota-patti-sarees-119.jpg', 10);
INSERT INTO products (id, title, description, category_id, seller_id, status, is_approved) VALUES (121, 'Authentic Gota Patti Sarees in Georgette', 'Beautiful Gota Patti Sarees made of Georgette suitable for Festival Wear.', 4, 2, 'ACTIVE', 1);
INSERT INTO product_variants (product_id, sku, price, wholesale_price, image_url, stock) VALUES (121, 'PAV-GOT-0120', 11000, 7800, '/uploads/products/gota-patti-sarees-120.jpg', 10);
INSERT INTO products (id, title, description, category_id, seller_id, status, is_approved) VALUES (122, 'Authentic Gota Patti Sarees in Georgette', 'Beautiful Gota Patti Sarees made of Georgette suitable for Festival Wear.', 4, 2, 'ACTIVE', 1);
INSERT INTO product_variants (product_id, sku, price, wholesale_price, image_url, stock) VALUES (122, 'PAV-GOT-0121', 11050, 7840, '/uploads/products/gota-patti-sarees-121.jpg', 10);
INSERT INTO products (id, title, description, category_id, seller_id, status, is_approved) VALUES (123, 'Authentic Gota Patti Sarees in Georgette', 'Beautiful Gota Patti Sarees made of Georgette suitable for Festival Wear.', 4, 2, 'ACTIVE', 1);
INSERT INTO product_variants (product_id, sku, price, wholesale_price, image_url, stock) VALUES (123, 'PAV-GOT-0122', 11100, 7880, '/uploads/products/gota-patti-sarees-122.jpg', 10);
INSERT INTO products (id, title, description, category_id, seller_id, status, is_approved) VALUES (124, 'Authentic Gota Patti Sarees in Georgette', 'Beautiful Gota Patti Sarees made of Georgette suitable for Festival Wear.', 4, 2, 'ACTIVE', 1);
INSERT INTO product_variants (product_id, sku, price, wholesale_price, image_url, stock) VALUES (124, 'PAV-GOT-0123', 11150, 7920, '/uploads/products/gota-patti-sarees-123.jpg', 10);
INSERT INTO products (id, title, description, category_id, seller_id, status, is_approved) VALUES (125, 'Authentic Gota Patti Sarees in Georgette', 'Beautiful Gota Patti Sarees made of Georgette suitable for Festival Wear.', 4, 2, 'ACTIVE', 1);
INSERT INTO product_variants (product_id, sku, price, wholesale_price, image_url, stock) VALUES (125, 'PAV-GOT-0124', 11200, 7960, '/uploads/products/gota-patti-sarees-124.jpg', 10);
INSERT INTO products (id, title, description, category_id, seller_id, status, is_approved) VALUES (126, 'Authentic Gota Patti Sarees in Georgette', 'Beautiful Gota Patti Sarees made of Georgette suitable for Festival Wear.', 4, 2, 'ACTIVE', 1);
INSERT INTO product_variants (product_id, sku, price, wholesale_price, image_url, stock) VALUES (126, 'PAV-GOT-0125', 11250, 8000, '/uploads/products/gota-patti-sarees-125.jpg', 10);
INSERT INTO products (id, title, description, category_id, seller_id, status, is_approved) VALUES (127, 'Authentic Gota Patti Sarees in Georgette', 'Beautiful Gota Patti Sarees made of Georgette suitable for Festival Wear.', 4, 2, 'ACTIVE', 1);
INSERT INTO product_variants (product_id, sku, price, wholesale_price, image_url, stock) VALUES (127, 'PAV-GOT-0126', 11300, 8040, '/uploads/products/gota-patti-sarees-126.jpg', 10);
INSERT INTO products (id, title, description, category_id, seller_id, status, is_approved) VALUES (128, 'Authentic Gota Patti Sarees in Georgette', 'Beautiful Gota Patti Sarees made of Georgette suitable for Festival Wear.', 4, 2, 'ACTIVE', 1);
INSERT INTO product_variants (product_id, sku, price, wholesale_price, image_url, stock) VALUES (128, 'PAV-GOT-0127', 11350, 8080, '/uploads/products/gota-patti-sarees-127.jpg', 10);
INSERT INTO products (id, title, description, category_id, seller_id, status, is_approved) VALUES (129, 'Authentic Gota Patti Sarees in Georgette', 'Beautiful Gota Patti Sarees made of Georgette suitable for Festival Wear.', 4, 2, 'ACTIVE', 1);
INSERT INTO product_variants (product_id, sku, price, wholesale_price, image_url, stock) VALUES (129, 'PAV-GOT-0128', 11400, 8120, '/uploads/products/gota-patti-sarees-128.jpg', 10);
INSERT INTO products (id, title, description, category_id, seller_id, status, is_approved) VALUES (130, 'Authentic Gota Patti Sarees in Georgette', 'Beautiful Gota Patti Sarees made of Georgette suitable for Festival Wear.', 4, 2, 'ACTIVE', 1);
INSERT INTO product_variants (product_id, sku, price, wholesale_price, image_url, stock) VALUES (130, 'PAV-GOT-0129', 11450, 8160, '/uploads/products/gota-patti-sarees-129.jpg', 10);
INSERT INTO products (id, title, description, category_id, seller_id, status, is_approved) VALUES (131, 'Authentic Gota Patti Sarees in Georgette', 'Beautiful Gota Patti Sarees made of Georgette suitable for Festival Wear.', 4, 2, 'ACTIVE', 1);
INSERT INTO product_variants (product_id, sku, price, wholesale_price, image_url, stock) VALUES (131, 'PAV-GOT-0130', 11500, 8200, '/uploads/products/gota-patti-sarees-130.jpg', 10);
INSERT INTO products (id, title, description, category_id, seller_id, status, is_approved) VALUES (132, 'Authentic Gota Patti Sarees in Georgette', 'Beautiful Gota Patti Sarees made of Georgette suitable for Festival Wear.', 4, 2, 'ACTIVE', 1);
INSERT INTO product_variants (product_id, sku, price, wholesale_price, image_url, stock) VALUES (132, 'PAV-GOT-0131', 11550, 8240, '/uploads/products/gota-patti-sarees-131.jpg', 10);
INSERT INTO products (id, title, description, category_id, seller_id, status, is_approved) VALUES (133, 'Authentic Gota Patti Sarees in Georgette', 'Beautiful Gota Patti Sarees made of Georgette suitable for Festival Wear.', 4, 2, 'ACTIVE', 1);
INSERT INTO product_variants (product_id, sku, price, wholesale_price, image_url, stock) VALUES (133, 'PAV-GOT-0132', 11600, 8280, '/uploads/products/gota-patti-sarees-132.jpg', 10);
INSERT INTO products (id, title, description, category_id, seller_id, status, is_approved) VALUES (134, 'Authentic Gota Patti Sarees in Georgette', 'Beautiful Gota Patti Sarees made of Georgette suitable for Festival Wear.', 4, 2, 'ACTIVE', 1);
INSERT INTO product_variants (product_id, sku, price, wholesale_price, image_url, stock) VALUES (134, 'PAV-GOT-0133', 11650, 8320, '/uploads/products/gota-patti-sarees-133.jpg', 10);
INSERT INTO products (id, title, description, category_id, seller_id, status, is_approved) VALUES (135, 'Authentic Gota Patti Sarees in Georgette', 'Beautiful Gota Patti Sarees made of Georgette suitable for Festival Wear.', 4, 2, 'ACTIVE', 1);
INSERT INTO product_variants (product_id, sku, price, wholesale_price, image_url, stock) VALUES (135, 'PAV-GOT-0134', 11700, 8360, '/uploads/products/gota-patti-sarees-134.jpg', 10);
INSERT INTO products (id, title, description, category_id, seller_id, status, is_approved) VALUES (136, 'Authentic Gota Patti Sarees in Georgette', 'Beautiful Gota Patti Sarees made of Georgette suitable for Festival Wear.', 4, 2, 'ACTIVE', 1);
INSERT INTO product_variants (product_id, sku, price, wholesale_price, image_url, stock) VALUES (136, 'PAV-GOT-0135', 11750, 8400, '/uploads/products/gota-patti-sarees-135.jpg', 10);
INSERT INTO products (id, title, description, category_id, seller_id, status, is_approved) VALUES (137, 'Authentic Gota Patti Sarees in Georgette', 'Beautiful Gota Patti Sarees made of Georgette suitable for Festival Wear.', 4, 2, 'ACTIVE', 1);
INSERT INTO product_variants (product_id, sku, price, wholesale_price, image_url, stock) VALUES (137, 'PAV-GOT-0136', 11800, 8440, '/uploads/products/gota-patti-sarees-136.jpg', 10);
INSERT INTO products (id, title, description, category_id, seller_id, status, is_approved) VALUES (138, 'Authentic Gota Patti Sarees in Georgette', 'Beautiful Gota Patti Sarees made of Georgette suitable for Festival Wear.', 4, 2, 'ACTIVE', 1);
INSERT INTO product_variants (product_id, sku, price, wholesale_price, image_url, stock) VALUES (138, 'PAV-GOT-0137', 11850, 8480, '/uploads/products/gota-patti-sarees-137.jpg', 10);
INSERT INTO products (id, title, description, category_id, seller_id, status, is_approved) VALUES (139, 'Authentic Gota Patti Sarees in Georgette', 'Beautiful Gota Patti Sarees made of Georgette suitable for Festival Wear.', 4, 2, 'ACTIVE', 1);
INSERT INTO product_variants (product_id, sku, price, wholesale_price, image_url, stock) VALUES (139, 'PAV-GOT-0138', 11900, 8520, '/uploads/products/gota-patti-sarees-138.jpg', 10);
INSERT INTO products (id, title, description, category_id, seller_id, status, is_approved) VALUES (140, 'Authentic Gota Patti Sarees in Georgette', 'Beautiful Gota Patti Sarees made of Georgette suitable for Festival Wear.', 4, 2, 'ACTIVE', 1);
INSERT INTO product_variants (product_id, sku, price, wholesale_price, image_url, stock) VALUES (140, 'PAV-GOT-0139', 11950, 8560, '/uploads/products/gota-patti-sarees-139.jpg', 10);
INSERT INTO products (id, title, description, category_id, seller_id, status, is_approved) VALUES (141, 'Authentic Gota Patti Sarees in Georgette', 'Beautiful Gota Patti Sarees made of Georgette suitable for Festival Wear.', 4, 2, 'ACTIVE', 1);
INSERT INTO product_variants (product_id, sku, price, wholesale_price, image_url, stock) VALUES (141, 'PAV-GOT-0140', 12000, 8600, '/uploads/products/gota-patti-sarees-140.jpg', 10);
INSERT INTO products (id, title, description, category_id, seller_id, status, is_approved) VALUES (142, 'Authentic Gota Patti Sarees in Georgette', 'Beautiful Gota Patti Sarees made of Georgette suitable for Festival Wear.', 4, 2, 'ACTIVE', 1);
INSERT INTO product_variants (product_id, sku, price, wholesale_price, image_url, stock) VALUES (142, 'PAV-GOT-0141', 12050, 8640, '/uploads/products/gota-patti-sarees-141.jpg', 10);
INSERT INTO products (id, title, description, category_id, seller_id, status, is_approved) VALUES (143, 'Authentic Gota Patti Sarees in Georgette', 'Beautiful Gota Patti Sarees made of Georgette suitable for Festival Wear.', 4, 2, 'ACTIVE', 1);
INSERT INTO product_variants (product_id, sku, price, wholesale_price, image_url, stock) VALUES (143, 'PAV-GOT-0142', 12100, 8680, '/uploads/products/gota-patti-sarees-142.jpg', 10);
INSERT INTO products (id, title, description, category_id, seller_id, status, is_approved) VALUES (144, 'Authentic Gota Patti Sarees in Georgette', 'Beautiful Gota Patti Sarees made of Georgette suitable for Festival Wear.', 4, 2, 'ACTIVE', 1);
INSERT INTO product_variants (product_id, sku, price, wholesale_price, image_url, stock) VALUES (144, 'PAV-GOT-0143', 12150, 8720, '/uploads/products/gota-patti-sarees-143.jpg', 10);
INSERT INTO products (id, title, description, category_id, seller_id, status, is_approved) VALUES (145, 'Authentic Gota Patti Sarees in Georgette', 'Beautiful Gota Patti Sarees made of Georgette suitable for Festival Wear.', 4, 2, 'ACTIVE', 1);
INSERT INTO product_variants (product_id, sku, price, wholesale_price, image_url, stock) VALUES (145, 'PAV-GOT-0144', 12200, 8760, '/uploads/products/gota-patti-sarees-144.jpg', 10);
INSERT INTO products (id, title, description, category_id, seller_id, status, is_approved) VALUES (146, 'Authentic Gota Patti Sarees in Georgette', 'Beautiful Gota Patti Sarees made of Georgette suitable for Festival Wear.', 4, 2, 'ACTIVE', 1);
INSERT INTO product_variants (product_id, sku, price, wholesale_price, image_url, stock) VALUES (146, 'PAV-GOT-0145', 12250, 8800, '/uploads/products/gota-patti-sarees-145.jpg', 10);
INSERT INTO products (id, title, description, category_id, seller_id, status, is_approved) VALUES (147, 'Authentic Gota Patti Sarees in Georgette', 'Beautiful Gota Patti Sarees made of Georgette suitable for Festival Wear.', 4, 2, 'ACTIVE', 1);
INSERT INTO product_variants (product_id, sku, price, wholesale_price, image_url, stock) VALUES (147, 'PAV-GOT-0146', 12300, 8840, '/uploads/products/gota-patti-sarees-146.jpg', 10);
INSERT INTO products (id, title, description, category_id, seller_id, status, is_approved) VALUES (148, 'Authentic Gota Patti Sarees in Georgette', 'Beautiful Gota Patti Sarees made of Georgette suitable for Festival Wear.', 4, 2, 'ACTIVE', 1);
INSERT INTO product_variants (product_id, sku, price, wholesale_price, image_url, stock) VALUES (148, 'PAV-GOT-0147', 12350, 8880, '/uploads/products/gota-patti-sarees-147.jpg', 10);
INSERT INTO products (id, title, description, category_id, seller_id, status, is_approved) VALUES (149, 'Authentic Gota Patti Sarees in Georgette', 'Beautiful Gota Patti Sarees made of Georgette suitable for Festival Wear.', 4, 2, 'ACTIVE', 1);
INSERT INTO product_variants (product_id, sku, price, wholesale_price, image_url, stock) VALUES (149, 'PAV-GOT-0148', 12400, 8920, '/uploads/products/gota-patti-sarees-148.jpg', 10);
INSERT INTO products (id, title, description, category_id, seller_id, status, is_approved) VALUES (150, 'Authentic Gota Patti Sarees in Georgette', 'Beautiful Gota Patti Sarees made of Georgette suitable for Festival Wear.', 4, 2, 'ACTIVE', 1);
INSERT INTO product_variants (product_id, sku, price, wholesale_price, image_url, stock) VALUES (150, 'PAV-GOT-0149', 12450, 8960, '/uploads/products/gota-patti-sarees-149.jpg', 10);
INSERT INTO products (id, title, description, category_id, seller_id, status, is_approved) VALUES (151, 'Authentic Gota Patti Sarees in Georgette', 'Beautiful Gota Patti Sarees made of Georgette suitable for Festival Wear.', 4, 2, 'ACTIVE', 1);
INSERT INTO product_variants (product_id, sku, price, wholesale_price, image_url, stock) VALUES (151, 'PAV-GOT-0150', 12500, 9000, '/uploads/products/gota-patti-sarees-150.jpg', 10);
INSERT INTO products (id, title, description, category_id, seller_id, status, is_approved) VALUES (152, 'Authentic Gota Patti Sarees in Georgette', 'Beautiful Gota Patti Sarees made of Georgette suitable for Festival Wear.', 4, 2, 'ACTIVE', 1);
INSERT INTO product_variants (product_id, sku, price, wholesale_price, image_url, stock) VALUES (152, 'PAV-GOT-0151', 12550, 9040, '/uploads/products/gota-patti-sarees-151.jpg', 10);
INSERT INTO products (id, title, description, category_id, seller_id, status, is_approved) VALUES (153, 'Authentic Gota Patti Sarees in Georgette', 'Beautiful Gota Patti Sarees made of Georgette suitable for Festival Wear.', 4, 2, 'ACTIVE', 1);
INSERT INTO product_variants (product_id, sku, price, wholesale_price, image_url, stock) VALUES (153, 'PAV-GOT-0152', 12600, 9080, '/uploads/products/gota-patti-sarees-152.jpg', 10);
INSERT INTO products (id, title, description, category_id, seller_id, status, is_approved) VALUES (154, 'Authentic Gota Patti Sarees in Georgette', 'Beautiful Gota Patti Sarees made of Georgette suitable for Festival Wear.', 4, 2, 'ACTIVE', 1);
INSERT INTO product_variants (product_id, sku, price, wholesale_price, image_url, stock) VALUES (154, 'PAV-GOT-0153', 12650, 9120, '/uploads/products/gota-patti-sarees-153.jpg', 10);
INSERT INTO products (id, title, description, category_id, seller_id, status, is_approved) VALUES (155, 'Authentic Gota Patti Sarees in Georgette', 'Beautiful Gota Patti Sarees made of Georgette suitable for Festival Wear.', 4, 2, 'ACTIVE', 1);
INSERT INTO product_variants (product_id, sku, price, wholesale_price, image_url, stock) VALUES (155, 'PAV-GOT-0154', 12700, 9160, '/uploads/products/gota-patti-sarees-154.jpg', 10);
INSERT INTO products (id, title, description, category_id, seller_id, status, is_approved) VALUES (156, 'Authentic Gota Patti Sarees in Georgette', 'Beautiful Gota Patti Sarees made of Georgette suitable for Festival Wear.', 4, 2, 'ACTIVE', 1);
INSERT INTO product_variants (product_id, sku, price, wholesale_price, image_url, stock) VALUES (156, 'PAV-GOT-0155', 12750, 9200, '/uploads/products/gota-patti-sarees-155.jpg', 10);
INSERT INTO products (id, title, description, category_id, seller_id, status, is_approved) VALUES (157, 'Authentic Gota Patti Sarees in Georgette', 'Beautiful Gota Patti Sarees made of Georgette suitable for Festival Wear.', 4, 2, 'ACTIVE', 1);
INSERT INTO product_variants (product_id, sku, price, wholesale_price, image_url, stock) VALUES (157, 'PAV-GOT-0156', 12800, 9240, '/uploads/products/gota-patti-sarees-156.jpg', 10);
INSERT INTO products (id, title, description, category_id, seller_id, status, is_approved) VALUES (158, 'Authentic Gota Patti Sarees in Georgette', 'Beautiful Gota Patti Sarees made of Georgette suitable for Festival Wear.', 4, 2, 'ACTIVE', 1);
INSERT INTO product_variants (product_id, sku, price, wholesale_price, image_url, stock) VALUES (158, 'PAV-GOT-0157', 12850, 9280, '/uploads/products/gota-patti-sarees-157.jpg', 10);
INSERT INTO products (id, title, description, category_id, seller_id, status, is_approved) VALUES (159, 'Authentic Gota Patti Sarees in Georgette', 'Beautiful Gota Patti Sarees made of Georgette suitable for Festival Wear.', 4, 2, 'ACTIVE', 1);
INSERT INTO product_variants (product_id, sku, price, wholesale_price, image_url, stock) VALUES (159, 'PAV-GOT-0158', 12900, 9320, '/uploads/products/gota-patti-sarees-158.jpg', 10);
INSERT INTO products (id, title, description, category_id, seller_id, status, is_approved) VALUES (160, 'Authentic Gota Patti Sarees in Georgette', 'Beautiful Gota Patti Sarees made of Georgette suitable for Festival Wear.', 4, 2, 'ACTIVE', 1);
INSERT INTO product_variants (product_id, sku, price, wholesale_price, image_url, stock) VALUES (160, 'PAV-GOT-0159', 12950, 9360, '/uploads/products/gota-patti-sarees-159.jpg', 10);
INSERT INTO products (id, title, description, category_id, seller_id, status, is_approved) VALUES (161, 'Authentic Gota Patti Sarees in Georgette', 'Beautiful Gota Patti Sarees made of Georgette suitable for Festival Wear.', 4, 2, 'ACTIVE', 1);
INSERT INTO product_variants (product_id, sku, price, wholesale_price, image_url, stock) VALUES (161, 'PAV-GOT-0160', 13000, 9400, '/uploads/products/gota-patti-sarees-160.jpg', 10);
INSERT INTO products (id, title, description, category_id, seller_id, status, is_approved) VALUES (162, 'Authentic Gota Patti Sarees in Georgette', 'Beautiful Gota Patti Sarees made of Georgette suitable for Festival Wear.', 4, 2, 'ACTIVE', 1);
INSERT INTO product_variants (product_id, sku, price, wholesale_price, image_url, stock) VALUES (162, 'PAV-GOT-0161', 13050, 9440, '/uploads/products/gota-patti-sarees-161.jpg', 10);
INSERT INTO products (id, title, description, category_id, seller_id, status, is_approved) VALUES (163, 'Authentic Gota Patti Sarees in Georgette', 'Beautiful Gota Patti Sarees made of Georgette suitable for Festival Wear.', 4, 2, 'ACTIVE', 1);
INSERT INTO product_variants (product_id, sku, price, wholesale_price, image_url, stock) VALUES (163, 'PAV-GOT-0162', 13100, 9480, '/uploads/products/gota-patti-sarees-162.jpg', 10);
INSERT INTO products (id, title, description, category_id, seller_id, status, is_approved) VALUES (164, 'Authentic Gota Patti Sarees in Georgette', 'Beautiful Gota Patti Sarees made of Georgette suitable for Festival Wear.', 4, 2, 'ACTIVE', 1);
INSERT INTO product_variants (product_id, sku, price, wholesale_price, image_url, stock) VALUES (164, 'PAV-GOT-0163', 13150, 9520, '/uploads/products/gota-patti-sarees-163.jpg', 10);
INSERT INTO products (id, title, description, category_id, seller_id, status, is_approved) VALUES (165, 'Authentic Gota Patti Sarees in Georgette', 'Beautiful Gota Patti Sarees made of Georgette suitable for Festival Wear.', 4, 2, 'ACTIVE', 1);
INSERT INTO product_variants (product_id, sku, price, wholesale_price, image_url, stock) VALUES (165, 'PAV-GOT-0164', 13200, 9560, '/uploads/products/gota-patti-sarees-164.jpg', 10);
INSERT INTO products (id, title, description, category_id, seller_id, status, is_approved) VALUES (166, 'Authentic Gota Patti Sarees in Georgette', 'Beautiful Gota Patti Sarees made of Georgette suitable for Festival Wear.', 4, 2, 'ACTIVE', 1);
INSERT INTO product_variants (product_id, sku, price, wholesale_price, image_url, stock) VALUES (166, 'PAV-GOT-0165', 13250, 9600, '/uploads/products/gota-patti-sarees-165.jpg', 10);
INSERT INTO products (id, title, description, category_id, seller_id, status, is_approved) VALUES (167, 'Authentic Gota Patti Sarees in Georgette', 'Beautiful Gota Patti Sarees made of Georgette suitable for Festival Wear.', 4, 2, 'ACTIVE', 1);
INSERT INTO product_variants (product_id, sku, price, wholesale_price, image_url, stock) VALUES (167, 'PAV-GOT-0166', 13300, 9640, '/uploads/products/gota-patti-sarees-166.jpg', 10);
INSERT INTO products (id, title, description, category_id, seller_id, status, is_approved) VALUES (168, 'Authentic Gota Patti Sarees in Georgette', 'Beautiful Gota Patti Sarees made of Georgette suitable for Festival Wear.', 4, 2, 'ACTIVE', 1);
INSERT INTO product_variants (product_id, sku, price, wholesale_price, image_url, stock) VALUES (168, 'PAV-GOT-0167', 13350, 9680, '/uploads/products/gota-patti-sarees-167.jpg', 10);
INSERT INTO products (id, title, description, category_id, seller_id, status, is_approved) VALUES (169, 'Authentic Gota Patti Sarees in Georgette', 'Beautiful Gota Patti Sarees made of Georgette suitable for Festival Wear.', 4, 2, 'ACTIVE', 1);
INSERT INTO product_variants (product_id, sku, price, wholesale_price, image_url, stock) VALUES (169, 'PAV-GOT-0168', 13400, 9720, '/uploads/products/gota-patti-sarees-168.jpg', 10);
INSERT INTO products (id, title, description, category_id, seller_id, status, is_approved) VALUES (170, 'Authentic Gota Patti Sarees in Georgette', 'Beautiful Gota Patti Sarees made of Georgette suitable for Festival Wear.', 4, 2, 'ACTIVE', 1);
INSERT INTO product_variants (product_id, sku, price, wholesale_price, image_url, stock) VALUES (170, 'PAV-GOT-0169', 13450, 9760, '/uploads/products/gota-patti-sarees-169.jpg', 10);
INSERT INTO products (id, title, description, category_id, seller_id, status, is_approved) VALUES (171, 'Authentic Gota Patti Sarees in Georgette', 'Beautiful Gota Patti Sarees made of Georgette suitable for Festival Wear.', 4, 2, 'ACTIVE', 1);
INSERT INTO product_variants (product_id, sku, price, wholesale_price, image_url, stock) VALUES (171, 'PAV-GOT-0170', 13500, 9800, '/uploads/products/gota-patti-sarees-170.jpg', 10);
INSERT INTO products (id, title, description, category_id, seller_id, status, is_approved) VALUES (172, 'Authentic Gota Patti Sarees in Georgette', 'Beautiful Gota Patti Sarees made of Georgette suitable for Festival Wear.', 4, 2, 'ACTIVE', 1);
INSERT INTO product_variants (product_id, sku, price, wholesale_price, image_url, stock) VALUES (172, 'PAV-GOT-0171', 13550, 9840, '/uploads/products/gota-patti-sarees-171.jpg', 10);
INSERT INTO products (id, title, description, category_id, seller_id, status, is_approved) VALUES (173, 'Authentic Gota Patti Sarees in Georgette', 'Beautiful Gota Patti Sarees made of Georgette suitable for Festival Wear.', 4, 2, 'ACTIVE', 1);
INSERT INTO product_variants (product_id, sku, price, wholesale_price, image_url, stock) VALUES (173, 'PAV-GOT-0172', 13600, 9880, '/uploads/products/gota-patti-sarees-172.jpg', 10);
INSERT INTO products (id, title, description, category_id, seller_id, status, is_approved) VALUES (174, 'Authentic Gota Patti Sarees in Georgette', 'Beautiful Gota Patti Sarees made of Georgette suitable for Festival Wear.', 4, 2, 'ACTIVE', 1);
INSERT INTO product_variants (product_id, sku, price, wholesale_price, image_url, stock) VALUES (174, 'PAV-GOT-0173', 13650, 9920, '/uploads/products/gota-patti-sarees-173.jpg', 10);
INSERT INTO products (id, title, description, category_id, seller_id, status, is_approved) VALUES (175, 'Authentic Gota Patti Sarees in Georgette', 'Beautiful Gota Patti Sarees made of Georgette suitable for Festival Wear.', 4, 2, 'ACTIVE', 1);
INSERT INTO product_variants (product_id, sku, price, wholesale_price, image_url, stock) VALUES (175, 'PAV-GOT-0174', 13700, 9960, '/uploads/products/gota-patti-sarees-174.jpg', 10);
INSERT INTO products (id, title, description, category_id, seller_id, status, is_approved) VALUES (176, 'Authentic Gota Patti Sarees in Georgette', 'Beautiful Gota Patti Sarees made of Georgette suitable for Festival Wear.', 4, 2, 'ACTIVE', 1);
INSERT INTO product_variants (product_id, sku, price, wholesale_price, image_url, stock) VALUES (176, 'PAV-GOT-0175', 13750, 10000, '/uploads/products/gota-patti-sarees-175.jpg', 10);
INSERT INTO products (id, title, description, category_id, seller_id, status, is_approved) VALUES (177, 'Authentic Gota Patti Sarees in Georgette', 'Beautiful Gota Patti Sarees made of Georgette suitable for Festival Wear.', 4, 2, 'ACTIVE', 1);
INSERT INTO product_variants (product_id, sku, price, wholesale_price, image_url, stock) VALUES (177, 'PAV-GOT-0176', 13800, 10040, '/uploads/products/gota-patti-sarees-176.jpg', 10);
INSERT INTO products (id, title, description, category_id, seller_id, status, is_approved) VALUES (178, 'Authentic Gota Patti Sarees in Georgette', 'Beautiful Gota Patti Sarees made of Georgette suitable for Festival Wear.', 4, 2, 'ACTIVE', 1);
INSERT INTO product_variants (product_id, sku, price, wholesale_price, image_url, stock) VALUES (178, 'PAV-GOT-0177', 13850, 10080, '/uploads/products/gota-patti-sarees-177.jpg', 10);
INSERT INTO products (id, title, description, category_id, seller_id, status, is_approved) VALUES (179, 'Authentic Gota Patti Sarees in Georgette', 'Beautiful Gota Patti Sarees made of Georgette suitable for Festival Wear.', 4, 2, 'ACTIVE', 1);
INSERT INTO product_variants (product_id, sku, price, wholesale_price, image_url, stock) VALUES (179, 'PAV-GOT-0178', 13900, 10120, '/uploads/products/gota-patti-sarees-178.jpg', 10);
INSERT INTO products (id, title, description, category_id, seller_id, status, is_approved) VALUES (180, 'Authentic Gota Patti Sarees in Georgette', 'Beautiful Gota Patti Sarees made of Georgette suitable for Festival Wear.', 4, 2, 'ACTIVE', 1);
INSERT INTO product_variants (product_id, sku, price, wholesale_price, image_url, stock) VALUES (180, 'PAV-GOT-0179', 13950, 10160, '/uploads/products/gota-patti-sarees-179.jpg', 10);
INSERT INTO products (id, title, description, category_id, seller_id, status, is_approved) VALUES (181, 'Authentic Gota Patti Sarees in Georgette', 'Beautiful Gota Patti Sarees made of Georgette suitable for Festival Wear.', 4, 2, 'ACTIVE', 1);
INSERT INTO product_variants (product_id, sku, price, wholesale_price, image_url, stock) VALUES (181, 'PAV-GOT-0180', 14000, 10200, '/uploads/products/gota-patti-sarees-180.jpg', 10);
INSERT INTO products (id, title, description, category_id, seller_id, status, is_approved) VALUES (182, 'Authentic Gota Patti Sarees in Georgette', 'Beautiful Gota Patti Sarees made of Georgette suitable for Festival Wear.', 4, 2, 'ACTIVE', 1);
INSERT INTO product_variants (product_id, sku, price, wholesale_price, image_url, stock) VALUES (182, 'PAV-GOT-0181', 14050, 10240, '/uploads/products/gota-patti-sarees-181.jpg', 10);
INSERT INTO products (id, title, description, category_id, seller_id, status, is_approved) VALUES (183, 'Authentic Gota Patti Sarees in Georgette', 'Beautiful Gota Patti Sarees made of Georgette suitable for Festival Wear.', 4, 2, 'ACTIVE', 1);
INSERT INTO product_variants (product_id, sku, price, wholesale_price, image_url, stock) VALUES (183, 'PAV-GOT-0182', 14100, 10280, '/uploads/products/gota-patti-sarees-182.jpg', 10);
INSERT INTO products (id, title, description, category_id, seller_id, status, is_approved) VALUES (184, 'Authentic Gota Patti Sarees in Georgette', 'Beautiful Gota Patti Sarees made of Georgette suitable for Festival Wear.', 4, 2, 'ACTIVE', 1);
INSERT INTO product_variants (product_id, sku, price, wholesale_price, image_url, stock) VALUES (184, 'PAV-GOT-0183', 14150, 10320, '/uploads/products/gota-patti-sarees-183.jpg', 10);
INSERT INTO products (id, title, description, category_id, seller_id, status, is_approved) VALUES (185, 'Authentic Gota Patti Sarees in Georgette', 'Beautiful Gota Patti Sarees made of Georgette suitable for Festival Wear.', 4, 2, 'ACTIVE', 1);
INSERT INTO product_variants (product_id, sku, price, wholesale_price, image_url, stock) VALUES (185, 'PAV-GOT-0184', 14200, 10360, '/uploads/products/gota-patti-sarees-184.jpg', 10);
INSERT INTO products (id, title, description, category_id, seller_id, status, is_approved) VALUES (186, 'Authentic Gota Patti Sarees in Georgette', 'Beautiful Gota Patti Sarees made of Georgette suitable for Festival Wear.', 4, 2, 'ACTIVE', 1);
INSERT INTO product_variants (product_id, sku, price, wholesale_price, image_url, stock) VALUES (186, 'PAV-GOT-0185', 14250, 10400, '/uploads/products/gota-patti-sarees-185.jpg', 10);
INSERT INTO products (id, title, description, category_id, seller_id, status, is_approved) VALUES (187, 'Authentic Gota Patti Sarees in Georgette', 'Beautiful Gota Patti Sarees made of Georgette suitable for Festival Wear.', 4, 2, 'ACTIVE', 1);
INSERT INTO product_variants (product_id, sku, price, wholesale_price, image_url, stock) VALUES (187, 'PAV-GOT-0186', 14300, 10440, '/uploads/products/gota-patti-sarees-186.jpg', 10);
INSERT INTO products (id, title, description, category_id, seller_id, status, is_approved) VALUES (188, 'Authentic Gota Patti Sarees in Georgette', 'Beautiful Gota Patti Sarees made of Georgette suitable for Festival Wear.', 4, 2, 'ACTIVE', 1);
INSERT INTO product_variants (product_id, sku, price, wholesale_price, image_url, stock) VALUES (188, 'PAV-GOT-0187', 14350, 10480, '/uploads/products/gota-patti-sarees-187.jpg', 10);
INSERT INTO products (id, title, description, category_id, seller_id, status, is_approved) VALUES (189, 'Authentic Gota Patti Sarees in Georgette', 'Beautiful Gota Patti Sarees made of Georgette suitable for Festival Wear.', 4, 2, 'ACTIVE', 1);
INSERT INTO product_variants (product_id, sku, price, wholesale_price, image_url, stock) VALUES (189, 'PAV-GOT-0188', 14400, 10520, '/uploads/products/gota-patti-sarees-188.jpg', 10);
INSERT INTO products (id, title, description, category_id, seller_id, status, is_approved) VALUES (190, 'Authentic Gota Patti Sarees in Georgette', 'Beautiful Gota Patti Sarees made of Georgette suitable for Festival Wear.', 4, 2, 'ACTIVE', 1);
INSERT INTO product_variants (product_id, sku, price, wholesale_price, image_url, stock) VALUES (190, 'PAV-GOT-0189', 14450, 10560, '/uploads/products/gota-patti-sarees-189.jpg', 10);
INSERT INTO products (id, title, description, category_id, seller_id, status, is_approved) VALUES (191, 'Authentic Gota Patti Sarees in Georgette', 'Beautiful Gota Patti Sarees made of Georgette suitable for Festival Wear.', 4, 2, 'ACTIVE', 1);
INSERT INTO product_variants (product_id, sku, price, wholesale_price, image_url, stock) VALUES (191, 'PAV-GOT-0190', 14500, 10600, '/uploads/products/gota-patti-sarees-190.jpg', 10);
INSERT INTO products (id, title, description, category_id, seller_id, status, is_approved) VALUES (192, 'Authentic Gota Patti Sarees in Georgette', 'Beautiful Gota Patti Sarees made of Georgette suitable for Festival Wear.', 4, 2, 'ACTIVE', 1);
INSERT INTO product_variants (product_id, sku, price, wholesale_price, image_url, stock) VALUES (192, 'PAV-GOT-0191', 14550, 10640, '/uploads/products/gota-patti-sarees-191.jpg', 10);
INSERT INTO products (id, title, description, category_id, seller_id, status, is_approved) VALUES (193, 'Authentic Gota Patti Sarees in Georgette', 'Beautiful Gota Patti Sarees made of Georgette suitable for Festival Wear.', 4, 2, 'ACTIVE', 1);
INSERT INTO product_variants (product_id, sku, price, wholesale_price, image_url, stock) VALUES (193, 'PAV-GOT-0192', 14600, 10680, '/uploads/products/gota-patti-sarees-192.jpg', 10);
INSERT INTO products (id, title, description, category_id, seller_id, status, is_approved) VALUES (194, 'Authentic Gota Patti Sarees in Georgette', 'Beautiful Gota Patti Sarees made of Georgette suitable for Festival Wear.', 4, 2, 'ACTIVE', 1);
INSERT INTO product_variants (product_id, sku, price, wholesale_price, image_url, stock) VALUES (194, 'PAV-GOT-0193', 14650, 10720, '/uploads/products/gota-patti-sarees-193.jpg', 10);
INSERT INTO products (id, title, description, category_id, seller_id, status, is_approved) VALUES (195, 'Authentic Gota Patti Sarees in Georgette', 'Beautiful Gota Patti Sarees made of Georgette suitable for Festival Wear.', 4, 2, 'ACTIVE', 1);
INSERT INTO product_variants (product_id, sku, price, wholesale_price, image_url, stock) VALUES (195, 'PAV-GOT-0194', 14700, 10760, '/uploads/products/gota-patti-sarees-194.jpg', 10);
INSERT INTO products (id, title, description, category_id, seller_id, status, is_approved) VALUES (196, 'Authentic Gota Patti Sarees in Georgette', 'Beautiful Gota Patti Sarees made of Georgette suitable for Festival Wear.', 4, 2, 'ACTIVE', 1);
INSERT INTO product_variants (product_id, sku, price, wholesale_price, image_url, stock) VALUES (196, 'PAV-GOT-0195', 14750, 10800, '/uploads/products/gota-patti-sarees-195.jpg', 10);
INSERT INTO products (id, title, description, category_id, seller_id, status, is_approved) VALUES (197, 'Authentic Gota Patti Sarees in Georgette', 'Beautiful Gota Patti Sarees made of Georgette suitable for Festival Wear.', 4, 2, 'ACTIVE', 1);
INSERT INTO product_variants (product_id, sku, price, wholesale_price, image_url, stock) VALUES (197, 'PAV-GOT-0196', 14800, 10840, '/uploads/products/gota-patti-sarees-196.jpg', 10);
INSERT INTO products (id, title, description, category_id, seller_id, status, is_approved) VALUES (198, 'Authentic Gota Patti Sarees in Georgette', 'Beautiful Gota Patti Sarees made of Georgette suitable for Festival Wear.', 4, 2, 'ACTIVE', 1);
INSERT INTO product_variants (product_id, sku, price, wholesale_price, image_url, stock) VALUES (198, 'PAV-GOT-0197', 14850, 10880, '/uploads/products/gota-patti-sarees-197.jpg', 10);
INSERT INTO products (id, title, description, category_id, seller_id, status, is_approved) VALUES (199, 'Authentic Gota Patti Sarees in Georgette', 'Beautiful Gota Patti Sarees made of Georgette suitable for Festival Wear.', 4, 2, 'ACTIVE', 1);
INSERT INTO product_variants (product_id, sku, price, wholesale_price, image_url, stock) VALUES (199, 'PAV-GOT-0198', 14900, 10920, '/uploads/products/gota-patti-sarees-198.jpg', 10);
INSERT INTO products (id, title, description, category_id, seller_id, status, is_approved) VALUES (200, 'Authentic Gota Patti Sarees in Georgette', 'Beautiful Gota Patti Sarees made of Georgette suitable for Festival Wear.', 4, 2, 'ACTIVE', 1);
INSERT INTO product_variants (product_id, sku, price, wholesale_price, image_url, stock) VALUES (200, 'PAV-GOT-0199', 14950, 10960, '/uploads/products/gota-patti-sarees-199.jpg', 10);
INSERT INTO products (id, title, description, category_id, seller_id, status, is_approved) VALUES (201, 'Authentic Gota Patti Sarees in Georgette', 'Beautiful Gota Patti Sarees made of Georgette suitable for Festival Wear.', 4, 2, 'ACTIVE', 1);
INSERT INTO product_variants (product_id, sku, price, wholesale_price, image_url, stock) VALUES (201, 'PAV-GOT-0200', 15000, 11000, '/uploads/products/gota-patti-sarees-200.jpg', 10);
INSERT INTO products (id, title, description, category_id, seller_id, status, is_approved) VALUES (202, 'Authentic Gota Patti Sarees in Georgette', 'Beautiful Gota Patti Sarees made of Georgette suitable for Festival Wear.', 4, 2, 'ACTIVE', 1);
INSERT INTO product_variants (product_id, sku, price, wholesale_price, image_url, stock) VALUES (202, 'PAV-GOT-0201', 15050, 11040, '/uploads/products/gota-patti-sarees-201.jpg', 10);
INSERT INTO products (id, title, description, category_id, seller_id, status, is_approved) VALUES (203, 'Authentic Gota Patti Sarees in Georgette', 'Beautiful Gota Patti Sarees made of Georgette suitable for Festival Wear.', 4, 2, 'ACTIVE', 1);
INSERT INTO product_variants (product_id, sku, price, wholesale_price, image_url, stock) VALUES (203, 'PAV-GOT-0202', 15100, 11080, '/uploads/products/gota-patti-sarees-202.jpg', 10);
INSERT INTO products (id, title, description, category_id, seller_id, status, is_approved) VALUES (204, 'Authentic Gota Patti Sarees in Georgette', 'Beautiful Gota Patti Sarees made of Georgette suitable for Festival Wear.', 4, 2, 'ACTIVE', 1);
INSERT INTO product_variants (product_id, sku, price, wholesale_price, image_url, stock) VALUES (204, 'PAV-GOT-0203', 15150, 11120, '/uploads/products/gota-patti-sarees-203.jpg', 10);
INSERT INTO products (id, title, description, category_id, seller_id, status, is_approved) VALUES (205, 'Authentic Gota Patti Sarees in Georgette', 'Beautiful Gota Patti Sarees made of Georgette suitable for Festival Wear.', 4, 2, 'ACTIVE', 1);
INSERT INTO product_variants (product_id, sku, price, wholesale_price, image_url, stock) VALUES (205, 'PAV-GOT-0204', 15200, 11160, '/uploads/products/gota-patti-sarees-204.jpg', 10);
INSERT INTO products (id, title, description, category_id, seller_id, status, is_approved) VALUES (206, 'Authentic Gota Patti Sarees in Georgette', 'Beautiful Gota Patti Sarees made of Georgette suitable for Festival Wear.', 4, 2, 'ACTIVE', 1);
INSERT INTO product_variants (product_id, sku, price, wholesale_price, image_url, stock) VALUES (206, 'PAV-GOT-0205', 15250, 11200, '/uploads/products/gota-patti-sarees-205.jpg', 10);
INSERT INTO products (id, title, description, category_id, seller_id, status, is_approved) VALUES (207, 'Authentic Gota Patti Sarees in Georgette', 'Beautiful Gota Patti Sarees made of Georgette suitable for Festival Wear.', 4, 2, 'ACTIVE', 1);
INSERT INTO product_variants (product_id, sku, price, wholesale_price, image_url, stock) VALUES (207, 'PAV-GOT-0206', 15300, 11240, '/uploads/products/gota-patti-sarees-206.jpg', 10);
INSERT INTO products (id, title, description, category_id, seller_id, status, is_approved) VALUES (208, 'Authentic Gota Patti Sarees in Georgette', 'Beautiful Gota Patti Sarees made of Georgette suitable for Festival Wear.', 4, 2, 'ACTIVE', 1);
INSERT INTO product_variants (product_id, sku, price, wholesale_price, image_url, stock) VALUES (208, 'PAV-GOT-0207', 15350, 11280, '/uploads/products/gota-patti-sarees-207.jpg', 10);
INSERT INTO products (id, title, description, category_id, seller_id, status, is_approved) VALUES (209, 'Authentic Gota Patti Sarees in Georgette', 'Beautiful Gota Patti Sarees made of Georgette suitable for Festival Wear.', 4, 2, 'ACTIVE', 1);
INSERT INTO product_variants (product_id, sku, price, wholesale_price, image_url, stock) VALUES (209, 'PAV-GOT-0208', 15400, 11320, '/uploads/products/gota-patti-sarees-208.jpg', 10);
INSERT INTO products (id, title, description, category_id, seller_id, status, is_approved) VALUES (210, 'Authentic Gota Patti Sarees in Georgette', 'Beautiful Gota Patti Sarees made of Georgette suitable for Festival Wear.', 4, 2, 'ACTIVE', 1);
INSERT INTO product_variants (product_id, sku, price, wholesale_price, image_url, stock) VALUES (210, 'PAV-GOT-0209', 15450, 11360, '/uploads/products/gota-patti-sarees-209.jpg', 10);
INSERT INTO products (id, title, description, category_id, seller_id, status, is_approved) VALUES (211, 'Authentic Gota Patti Sarees in Georgette', 'Beautiful Gota Patti Sarees made of Georgette suitable for Festival Wear.', 4, 2, 'ACTIVE', 1);
INSERT INTO product_variants (product_id, sku, price, wholesale_price, image_url, stock) VALUES (211, 'PAV-GOT-0210', 15500, 11400, '/uploads/products/gota-patti-sarees-210.jpg', 10);
INSERT INTO products (id, title, description, category_id, seller_id, status, is_approved) VALUES (212, 'Authentic Gota Patti Sarees in Georgette', 'Beautiful Gota Patti Sarees made of Georgette suitable for Festival Wear.', 4, 2, 'ACTIVE', 1);
INSERT INTO product_variants (product_id, sku, price, wholesale_price, image_url, stock) VALUES (212, 'PAV-GOT-0211', 15550, 11440, '/uploads/products/gota-patti-sarees-211.jpg', 10);
INSERT INTO products (id, title, description, category_id, seller_id, status, is_approved) VALUES (213, 'Authentic Gota Patti Sarees in Georgette', 'Beautiful Gota Patti Sarees made of Georgette suitable for Festival Wear.', 4, 2, 'ACTIVE', 1);
INSERT INTO product_variants (product_id, sku, price, wholesale_price, image_url, stock) VALUES (213, 'PAV-GOT-0212', 15600, 11480, '/uploads/products/gota-patti-sarees-212.jpg', 10);
INSERT INTO products (id, title, description, category_id, seller_id, status, is_approved) VALUES (214, 'Authentic Gota Patti Sarees in Georgette', 'Beautiful Gota Patti Sarees made of Georgette suitable for Festival Wear.', 4, 2, 'ACTIVE', 1);
INSERT INTO product_variants (product_id, sku, price, wholesale_price, image_url, stock) VALUES (214, 'PAV-GOT-0213', 15650, 11520, '/uploads/products/gota-patti-sarees-213.jpg', 10);
INSERT INTO products (id, title, description, category_id, seller_id, status, is_approved) VALUES (215, 'Authentic Gota Patti Sarees in Georgette', 'Beautiful Gota Patti Sarees made of Georgette suitable for Festival Wear.', 4, 2, 'ACTIVE', 1);
INSERT INTO product_variants (product_id, sku, price, wholesale_price, image_url, stock) VALUES (215, 'PAV-GOT-0214', 15700, 11560, '/uploads/products/gota-patti-sarees-214.jpg', 10);
INSERT INTO products (id, title, description, category_id, seller_id, status, is_approved) VALUES (216, 'Authentic Gota Patti Sarees in Georgette', 'Beautiful Gota Patti Sarees made of Georgette suitable for Festival Wear.', 4, 2, 'ACTIVE', 1);
INSERT INTO product_variants (product_id, sku, price, wholesale_price, image_url, stock) VALUES (216, 'PAV-GOT-0215', 15750, 11600, '/uploads/products/gota-patti-sarees-215.jpg', 10);
INSERT INTO products (id, title, description, category_id, seller_id, status, is_approved) VALUES (217, 'Authentic Gota Patti Sarees in Georgette', 'Beautiful Gota Patti Sarees made of Georgette suitable for Festival Wear.', 4, 2, 'ACTIVE', 1);
INSERT INTO product_variants (product_id, sku, price, wholesale_price, image_url, stock) VALUES (217, 'PAV-GOT-0216', 15800, 11640, '/uploads/products/gota-patti-sarees-216.jpg', 10);
INSERT INTO products (id, title, description, category_id, seller_id, status, is_approved) VALUES (218, 'Authentic Gota Patti Sarees in Georgette', 'Beautiful Gota Patti Sarees made of Georgette suitable for Festival Wear.', 4, 2, 'ACTIVE', 1);
INSERT INTO product_variants (product_id, sku, price, wholesale_price, image_url, stock) VALUES (218, 'PAV-GOT-0217', 15850, 11680, '/uploads/products/gota-patti-sarees-217.jpg', 10);
INSERT INTO products (id, title, description, category_id, seller_id, status, is_approved) VALUES (219, 'Authentic Gota Patti Sarees in Georgette', 'Beautiful Gota Patti Sarees made of Georgette suitable for Festival Wear.', 4, 2, 'ACTIVE', 1);
INSERT INTO product_variants (product_id, sku, price, wholesale_price, image_url, stock) VALUES (219, 'PAV-GOT-0218', 15900, 11720, '/uploads/products/gota-patti-sarees-218.jpg', 10);
INSERT INTO products (id, title, description, category_id, seller_id, status, is_approved) VALUES (220, 'Authentic Gota Patti Sarees in Georgette', 'Beautiful Gota Patti Sarees made of Georgette suitable for Festival Wear.', 4, 2, 'ACTIVE', 1);
INSERT INTO product_variants (product_id, sku, price, wholesale_price, image_url, stock) VALUES (220, 'PAV-GOT-0219', 15950, 11760, '/uploads/products/gota-patti-sarees-219.jpg', 10);
INSERT INTO products (id, title, description, category_id, seller_id, status, is_approved) VALUES (221, 'Authentic Gota Patti Sarees in Georgette', 'Beautiful Gota Patti Sarees made of Georgette suitable for Festival Wear.', 4, 2, 'ACTIVE', 1);
INSERT INTO product_variants (product_id, sku, price, wholesale_price, image_url, stock) VALUES (221, 'PAV-GOT-0220', 16000, 11800, '/uploads/products/gota-patti-sarees-220.jpg', 10);
INSERT INTO products (id, title, description, category_id, seller_id, status, is_approved) VALUES (222, 'Authentic Gota Patti Sarees in Georgette', 'Beautiful Gota Patti Sarees made of Georgette suitable for Festival Wear.', 4, 2, 'ACTIVE', 1);
INSERT INTO product_variants (product_id, sku, price, wholesale_price, image_url, stock) VALUES (222, 'PAV-GOT-0221', 16050, 11840, '/uploads/products/gota-patti-sarees-221.jpg', 10);
INSERT INTO products (id, title, description, category_id, seller_id, status, is_approved) VALUES (223, 'Authentic Gota Patti Sarees in Georgette', 'Beautiful Gota Patti Sarees made of Georgette suitable for Festival Wear.', 4, 2, 'ACTIVE', 1);
INSERT INTO product_variants (product_id, sku, price, wholesale_price, image_url, stock) VALUES (223, 'PAV-GOT-0222', 16100, 11880, '/uploads/products/gota-patti-sarees-222.jpg', 10);
INSERT INTO products (id, title, description, category_id, seller_id, status, is_approved) VALUES (224, 'Authentic Gota Patti Sarees in Georgette', 'Beautiful Gota Patti Sarees made of Georgette suitable for Festival Wear.', 4, 2, 'ACTIVE', 1);
INSERT INTO product_variants (product_id, sku, price, wholesale_price, image_url, stock) VALUES (224, 'PAV-GOT-0223', 16150, 11920, '/uploads/products/gota-patti-sarees-223.jpg', 10);
INSERT INTO products (id, title, description, category_id, seller_id, status, is_approved) VALUES (225, 'Authentic Gota Patti Sarees in Georgette', 'Beautiful Gota Patti Sarees made of Georgette suitable for Festival Wear.', 4, 2, 'ACTIVE', 1);
INSERT INTO product_variants (product_id, sku, price, wholesale_price, image_url, stock) VALUES (225, 'PAV-GOT-0224', 16200, 11960, '/uploads/products/gota-patti-sarees-224.jpg', 10);
INSERT INTO products (id, title, description, category_id, seller_id, status, is_approved) VALUES (226, 'Authentic Gota Patti Sarees in Georgette', 'Beautiful Gota Patti Sarees made of Georgette suitable for Festival Wear.', 4, 2, 'ACTIVE', 1);
INSERT INTO product_variants (product_id, sku, price, wholesale_price, image_url, stock) VALUES (226, 'PAV-GOT-0225', 16250, 12000, '/uploads/products/gota-patti-sarees-225.jpg', 10);
INSERT INTO products (id, title, description, category_id, seller_id, status, is_approved) VALUES (227, 'Authentic Gota Patti Sarees in Georgette', 'Beautiful Gota Patti Sarees made of Georgette suitable for Festival Wear.', 4, 2, 'ACTIVE', 1);
INSERT INTO product_variants (product_id, sku, price, wholesale_price, image_url, stock) VALUES (227, 'PAV-GOT-0226', 16300, 12040, '/uploads/products/gota-patti-sarees-226.jpg', 10);
INSERT INTO products (id, title, description, category_id, seller_id, status, is_approved) VALUES (228, 'Authentic Gota Patti Sarees in Georgette', 'Beautiful Gota Patti Sarees made of Georgette suitable for Festival Wear.', 4, 2, 'ACTIVE', 1);
INSERT INTO product_variants (product_id, sku, price, wholesale_price, image_url, stock) VALUES (228, 'PAV-GOT-0227', 16350, 12080, '/uploads/products/gota-patti-sarees-227.jpg', 10);
INSERT INTO products (id, title, description, category_id, seller_id, status, is_approved) VALUES (229, 'Authentic Gota Patti Sarees in Georgette', 'Beautiful Gota Patti Sarees made of Georgette suitable for Festival Wear.', 4, 2, 'ACTIVE', 1);
INSERT INTO product_variants (product_id, sku, price, wholesale_price, image_url, stock) VALUES (229, 'PAV-GOT-0228', 16400, 12120, '/uploads/products/gota-patti-sarees-228.jpg', 10);
INSERT INTO products (id, title, description, category_id, seller_id, status, is_approved) VALUES (230, 'Authentic Gota Patti Sarees in Georgette', 'Beautiful Gota Patti Sarees made of Georgette suitable for Festival Wear.', 4, 2, 'ACTIVE', 1);
INSERT INTO product_variants (product_id, sku, price, wholesale_price, image_url, stock) VALUES (230, 'PAV-GOT-0229', 16450, 12160, '/uploads/products/gota-patti-sarees-229.jpg', 10);
INSERT INTO products (id, title, description, category_id, seller_id, status, is_approved) VALUES (231, 'Authentic Gota Patti Sarees in Georgette', 'Beautiful Gota Patti Sarees made of Georgette suitable for Festival Wear.', 4, 2, 'ACTIVE', 1);
INSERT INTO product_variants (product_id, sku, price, wholesale_price, image_url, stock) VALUES (231, 'PAV-GOT-0230', 16500, 12200, '/uploads/products/gota-patti-sarees-230.jpg', 10);
INSERT INTO products (id, title, description, category_id, seller_id, status, is_approved) VALUES (232, 'Authentic Gota Patti Sarees in Georgette', 'Beautiful Gota Patti Sarees made of Georgette suitable for Festival Wear.', 4, 2, 'ACTIVE', 1);
INSERT INTO product_variants (product_id, sku, price, wholesale_price, image_url, stock) VALUES (232, 'PAV-GOT-0231', 16550, 12240, '/uploads/products/gota-patti-sarees-231.jpg', 10);
INSERT INTO products (id, title, description, category_id, seller_id, status, is_approved) VALUES (233, 'Authentic Gota Patti Sarees in Georgette', 'Beautiful Gota Patti Sarees made of Georgette suitable for Festival Wear.', 4, 2, 'ACTIVE', 1);
INSERT INTO product_variants (product_id, sku, price, wholesale_price, image_url, stock) VALUES (233, 'PAV-GOT-0232', 16600, 12280, '/uploads/products/gota-patti-sarees-232.jpg', 10);
INSERT INTO products (id, title, description, category_id, seller_id, status, is_approved) VALUES (234, 'Authentic Gota Patti Sarees in Georgette', 'Beautiful Gota Patti Sarees made of Georgette suitable for Festival Wear.', 4, 2, 'ACTIVE', 1);
INSERT INTO product_variants (product_id, sku, price, wholesale_price, image_url, stock) VALUES (234, 'PAV-GOT-0233', 16650, 12320, '/uploads/products/gota-patti-sarees-233.jpg', 10);
INSERT INTO products (id, title, description, category_id, seller_id, status, is_approved) VALUES (235, 'Authentic Gota Patti Sarees in Georgette', 'Beautiful Gota Patti Sarees made of Georgette suitable for Festival Wear.', 4, 2, 'ACTIVE', 1);
INSERT INTO product_variants (product_id, sku, price, wholesale_price, image_url, stock) VALUES (235, 'PAV-GOT-0234', 16700, 12360, '/uploads/products/gota-patti-sarees-234.jpg', 10);
INSERT INTO products (id, title, description, category_id, seller_id, status, is_approved) VALUES (236, 'Authentic Gota Patti Sarees in Georgette', 'Beautiful Gota Patti Sarees made of Georgette suitable for Festival Wear.', 4, 2, 'ACTIVE', 1);
INSERT INTO product_variants (product_id, sku, price, wholesale_price, image_url, stock) VALUES (236, 'PAV-GOT-0235', 16750, 12400, '/uploads/products/gota-patti-sarees-235.jpg', 10);
INSERT INTO products (id, title, description, category_id, seller_id, status, is_approved) VALUES (237, 'Authentic Gota Patti Sarees in Georgette', 'Beautiful Gota Patti Sarees made of Georgette suitable for Festival Wear.', 4, 2, 'ACTIVE', 1);
INSERT INTO product_variants (product_id, sku, price, wholesale_price, image_url, stock) VALUES (237, 'PAV-GOT-0236', 16800, 12440, '/uploads/products/gota-patti-sarees-236.jpg', 10);
INSERT INTO products (id, title, description, category_id, seller_id, status, is_approved) VALUES (238, 'Authentic Gota Patti Sarees in Georgette', 'Beautiful Gota Patti Sarees made of Georgette suitable for Festival Wear.', 4, 2, 'ACTIVE', 1);
INSERT INTO product_variants (product_id, sku, price, wholesale_price, image_url, stock) VALUES (238, 'PAV-GOT-0237', 16850, 12480, '/uploads/products/gota-patti-sarees-237.jpg', 10);
INSERT INTO products (id, title, description, category_id, seller_id, status, is_approved) VALUES (239, 'Authentic Gota Patti Sarees in Georgette', 'Beautiful Gota Patti Sarees made of Georgette suitable for Festival Wear.', 4, 2, 'ACTIVE', 1);
INSERT INTO product_variants (product_id, sku, price, wholesale_price, image_url, stock) VALUES (239, 'PAV-GOT-0238', 16900, 12520, '/uploads/products/gota-patti-sarees-238.jpg', 10);
INSERT INTO products (id, title, description, category_id, seller_id, status, is_approved) VALUES (240, 'Authentic Gota Patti Sarees in Georgette', 'Beautiful Gota Patti Sarees made of Georgette suitable for Festival Wear.', 4, 2, 'ACTIVE', 1);
INSERT INTO product_variants (product_id, sku, price, wholesale_price, image_url, stock) VALUES (240, 'PAV-GOT-0239', 16950, 12560, '/uploads/products/gota-patti-sarees-239.jpg', 10);
INSERT INTO products (id, title, description, category_id, seller_id, status, is_approved) VALUES (241, 'Authentic Gota Patti Sarees in Georgette', 'Beautiful Gota Patti Sarees made of Georgette suitable for Festival Wear.', 4, 2, 'ACTIVE', 1);
INSERT INTO product_variants (product_id, sku, price, wholesale_price, image_url, stock) VALUES (241, 'PAV-GOT-0240', 17000, 12600, '/uploads/products/gota-patti-sarees-240.jpg', 10);
INSERT INTO products (id, title, description, category_id, seller_id, status, is_approved) VALUES (242, 'Authentic Gota Patti Sarees in Georgette', 'Beautiful Gota Patti Sarees made of Georgette suitable for Festival Wear.', 4, 2, 'ACTIVE', 1);
INSERT INTO product_variants (product_id, sku, price, wholesale_price, image_url, stock) VALUES (242, 'PAV-GOT-0241', 17050, 12640, '/uploads/products/gota-patti-sarees-241.jpg', 10);
INSERT INTO products (id, title, description, category_id, seller_id, status, is_approved) VALUES (243, 'Authentic Gota Patti Sarees in Georgette', 'Beautiful Gota Patti Sarees made of Georgette suitable for Festival Wear.', 4, 2, 'ACTIVE', 1);
INSERT INTO product_variants (product_id, sku, price, wholesale_price, image_url, stock) VALUES (243, 'PAV-GOT-0242', 17100, 12680, '/uploads/products/gota-patti-sarees-242.jpg', 10);
INSERT INTO products (id, title, description, category_id, seller_id, status, is_approved) VALUES (244, 'Authentic Gota Patti Sarees in Georgette', 'Beautiful Gota Patti Sarees made of Georgette suitable for Festival Wear.', 4, 2, 'ACTIVE', 1);
INSERT INTO product_variants (product_id, sku, price, wholesale_price, image_url, stock) VALUES (244, 'PAV-GOT-0243', 17150, 12720, '/uploads/products/gota-patti-sarees-243.jpg', 10);
INSERT INTO products (id, title, description, category_id, seller_id, status, is_approved) VALUES (245, 'Authentic Gota Patti Sarees in Georgette', 'Beautiful Gota Patti Sarees made of Georgette suitable for Festival Wear.', 4, 2, 'ACTIVE', 1);
INSERT INTO product_variants (product_id, sku, price, wholesale_price, image_url, stock) VALUES (245, 'PAV-GOT-0244', 17200, 12760, '/uploads/products/gota-patti-sarees-244.jpg', 10);
INSERT INTO products (id, title, description, category_id, seller_id, status, is_approved) VALUES (246, 'Authentic Gota Patti Sarees in Georgette', 'Beautiful Gota Patti Sarees made of Georgette suitable for Festival Wear.', 4, 2, 'ACTIVE', 1);
INSERT INTO product_variants (product_id, sku, price, wholesale_price, image_url, stock) VALUES (246, 'PAV-GOT-0245', 17250, 12800, '/uploads/products/gota-patti-sarees-245.jpg', 10);
INSERT INTO products (id, title, description, category_id, seller_id, status, is_approved) VALUES (247, 'Authentic Gota Patti Sarees in Georgette', 'Beautiful Gota Patti Sarees made of Georgette suitable for Festival Wear.', 4, 2, 'ACTIVE', 1);
INSERT INTO product_variants (product_id, sku, price, wholesale_price, image_url, stock) VALUES (247, 'PAV-GOT-0246', 17300, 12840, '/uploads/products/gota-patti-sarees-246.jpg', 10);
INSERT INTO products (id, title, description, category_id, seller_id, status, is_approved) VALUES (248, 'Authentic Gota Patti Sarees in Georgette', 'Beautiful Gota Patti Sarees made of Georgette suitable for Festival Wear.', 4, 2, 'ACTIVE', 1);
INSERT INTO product_variants (product_id, sku, price, wholesale_price, image_url, stock) VALUES (248, 'PAV-GOT-0247', 17350, 12880, '/uploads/products/gota-patti-sarees-247.jpg', 10);
INSERT INTO products (id, title, description, category_id, seller_id, status, is_approved) VALUES (249, 'Authentic Gota Patti Sarees in Georgette', 'Beautiful Gota Patti Sarees made of Georgette suitable for Festival Wear.', 4, 2, 'ACTIVE', 1);
INSERT INTO product_variants (product_id, sku, price, wholesale_price, image_url, stock) VALUES (249, 'PAV-GOT-0248', 17400, 12920, '/uploads/products/gota-patti-sarees-248.jpg', 10);
INSERT INTO products (id, title, description, category_id, seller_id, status, is_approved) VALUES (250, 'Authentic Gota Patti Sarees in Georgette', 'Beautiful Gota Patti Sarees made of Georgette suitable for Festival Wear.', 4, 2, 'ACTIVE', 1);
INSERT INTO product_variants (product_id, sku, price, wholesale_price, image_url, stock) VALUES (250, 'PAV-GOT-0249', 17450, 12960, '/uploads/products/gota-patti-sarees-249.jpg', 10);
INSERT INTO products (id, title, description, category_id, seller_id, status, is_approved) VALUES (251, 'Authentic Gota Patti Sarees in Georgette', 'Beautiful Gota Patti Sarees made of Georgette suitable for Festival Wear.', 4, 2, 'ACTIVE', 1);
INSERT INTO product_variants (product_id, sku, price, wholesale_price, image_url, stock) VALUES (251, 'PAV-GOT-0250', 17500, 13000, '/uploads/products/gota-patti-sarees-250.jpg', 10);
INSERT INTO products (id, title, description, category_id, seller_id, status, is_approved) VALUES (252, 'Authentic Gota Patti Sarees in Georgette', 'Beautiful Gota Patti Sarees made of Georgette suitable for Festival Wear.', 4, 2, 'ACTIVE', 1);
INSERT INTO product_variants (product_id, sku, price, wholesale_price, image_url, stock) VALUES (252, 'PAV-GOT-0251', 17550, 13040, '/uploads/products/gota-patti-sarees-251.jpg', 10);
INSERT INTO products (id, title, description, category_id, seller_id, status, is_approved) VALUES (253, 'Authentic Gota Patti Sarees in Georgette', 'Beautiful Gota Patti Sarees made of Georgette suitable for Festival Wear.', 4, 2, 'ACTIVE', 1);
INSERT INTO product_variants (product_id, sku, price, wholesale_price, image_url, stock) VALUES (253, 'PAV-GOT-0252', 17600, 13080, '/uploads/products/gota-patti-sarees-252.jpg', 10);
INSERT INTO products (id, title, description, category_id, seller_id, status, is_approved) VALUES (254, 'Authentic Gota Patti Sarees in Georgette', 'Beautiful Gota Patti Sarees made of Georgette suitable for Festival Wear.', 4, 2, 'ACTIVE', 1);
INSERT INTO product_variants (product_id, sku, price, wholesale_price, image_url, stock) VALUES (254, 'PAV-GOT-0253', 17650, 13120, '/uploads/products/gota-patti-sarees-253.jpg', 10);
INSERT INTO products (id, title, description, category_id, seller_id, status, is_approved) VALUES (255, 'Authentic Gota Patti Sarees in Georgette', 'Beautiful Gota Patti Sarees made of Georgette suitable for Festival Wear.', 4, 2, 'ACTIVE', 1);
INSERT INTO product_variants (product_id, sku, price, wholesale_price, image_url, stock) VALUES (255, 'PAV-GOT-0254', 17700, 13160, '/uploads/products/gota-patti-sarees-254.jpg', 10);
INSERT INTO products (id, title, description, category_id, seller_id, status, is_approved) VALUES (256, 'Authentic Gota Patti Sarees in Georgette', 'Beautiful Gota Patti Sarees made of Georgette suitable for Festival Wear.', 4, 2, 'ACTIVE', 1);
INSERT INTO product_variants (product_id, sku, price, wholesale_price, image_url, stock) VALUES (256, 'PAV-GOT-0255', 17750, 13200, '/uploads/products/gota-patti-sarees-255.jpg', 10);
INSERT INTO products (id, title, description, category_id, seller_id, status, is_approved) VALUES (257, 'Authentic Gota Patti Sarees in Georgette', 'Beautiful Gota Patti Sarees made of Georgette suitable for Festival Wear.', 4, 2, 'ACTIVE', 1);
INSERT INTO product_variants (product_id, sku, price, wholesale_price, image_url, stock) VALUES (257, 'PAV-GOT-0256', 17800, 13240, '/uploads/products/gota-patti-sarees-256.jpg', 10);
INSERT INTO products (id, title, description, category_id, seller_id, status, is_approved) VALUES (258, 'Authentic Gota Patti Sarees in Georgette', 'Beautiful Gota Patti Sarees made of Georgette suitable for Festival Wear.', 4, 2, 'ACTIVE', 1);
INSERT INTO product_variants (product_id, sku, price, wholesale_price, image_url, stock) VALUES (258, 'PAV-GOT-0257', 17850, 13280, '/uploads/products/gota-patti-sarees-257.jpg', 10);
INSERT INTO products (id, title, description, category_id, seller_id, status, is_approved) VALUES (259, 'Authentic Gota Patti Sarees in Georgette', 'Beautiful Gota Patti Sarees made of Georgette suitable for Festival Wear.', 4, 2, 'ACTIVE', 1);
INSERT INTO product_variants (product_id, sku, price, wholesale_price, image_url, stock) VALUES (259, 'PAV-GOT-0258', 17900, 13320, '/uploads/products/gota-patti-sarees-258.jpg', 10);
INSERT INTO products (id, title, description, category_id, seller_id, status, is_approved) VALUES (260, 'Authentic Gota Patti Sarees in Georgette', 'Beautiful Gota Patti Sarees made of Georgette suitable for Festival Wear.', 4, 2, 'ACTIVE', 1);
INSERT INTO product_variants (product_id, sku, price, wholesale_price, image_url, stock) VALUES (260, 'PAV-GOT-0259', 17950, 13360, '/uploads/products/gota-patti-sarees-259.jpg', 10);
INSERT INTO products (id, title, description, category_id, seller_id, status, is_approved) VALUES (261, 'Authentic Gota Patti Sarees in Georgette', 'Beautiful Gota Patti Sarees made of Georgette suitable for Festival Wear.', 4, 2, 'ACTIVE', 1);
INSERT INTO product_variants (product_id, sku, price, wholesale_price, image_url, stock) VALUES (261, 'PAV-GOT-0260', 18000, 13400, '/uploads/products/gota-patti-sarees-260.jpg', 10);
INSERT INTO products (id, title, description, category_id, seller_id, status, is_approved) VALUES (262, 'Authentic Gota Patti Sarees in Georgette', 'Beautiful Gota Patti Sarees made of Georgette suitable for Festival Wear.', 4, 2, 'ACTIVE', 1);
INSERT INTO product_variants (product_id, sku, price, wholesale_price, image_url, stock) VALUES (262, 'PAV-GOT-0261', 18050, 13440, '/uploads/products/gota-patti-sarees-261.jpg', 10);
INSERT INTO products (id, title, description, category_id, seller_id, status, is_approved) VALUES (263, 'Authentic Gota Patti Sarees in Georgette', 'Beautiful Gota Patti Sarees made of Georgette suitable for Festival Wear.', 4, 2, 'ACTIVE', 1);
INSERT INTO product_variants (product_id, sku, price, wholesale_price, image_url, stock) VALUES (263, 'PAV-GOT-0262', 18100, 13480, '/uploads/products/gota-patti-sarees-262.jpg', 10);
INSERT INTO products (id, title, description, category_id, seller_id, status, is_approved) VALUES (264, 'Authentic Gota Patti Sarees in Georgette', 'Beautiful Gota Patti Sarees made of Georgette suitable for Festival Wear.', 4, 2, 'ACTIVE', 1);
INSERT INTO product_variants (product_id, sku, price, wholesale_price, image_url, stock) VALUES (264, 'PAV-GOT-0263', 18150, 13520, '/uploads/products/gota-patti-sarees-263.jpg', 10);
INSERT INTO products (id, title, description, category_id, seller_id, status, is_approved) VALUES (265, 'Authentic Gota Patti Sarees in Georgette', 'Beautiful Gota Patti Sarees made of Georgette suitable for Festival Wear.', 4, 2, 'ACTIVE', 1);
INSERT INTO product_variants (product_id, sku, price, wholesale_price, image_url, stock) VALUES (265, 'PAV-GOT-0264', 18200, 13560, '/uploads/products/gota-patti-sarees-264.jpg', 10);
INSERT INTO products (id, title, description, category_id, seller_id, status, is_approved) VALUES (266, 'Authentic Gota Patti Sarees in Georgette', 'Beautiful Gota Patti Sarees made of Georgette suitable for Festival Wear.', 4, 2, 'ACTIVE', 1);
INSERT INTO product_variants (product_id, sku, price, wholesale_price, image_url, stock) VALUES (266, 'PAV-GOT-0265', 18250, 13600, '/uploads/products/gota-patti-sarees-265.jpg', 10);
INSERT INTO products (id, title, description, category_id, seller_id, status, is_approved) VALUES (267, 'Authentic Gota Patti Sarees in Georgette', 'Beautiful Gota Patti Sarees made of Georgette suitable for Festival Wear.', 4, 2, 'ACTIVE', 1);
INSERT INTO product_variants (product_id, sku, price, wholesale_price, image_url, stock) VALUES (267, 'PAV-GOT-0266', 18300, 13640, '/uploads/products/gota-patti-sarees-266.jpg', 10);
INSERT INTO products (id, title, description, category_id, seller_id, status, is_approved) VALUES (268, 'Authentic Gota Patti Sarees in Georgette', 'Beautiful Gota Patti Sarees made of Georgette suitable for Festival Wear.', 4, 2, 'ACTIVE', 1);
INSERT INTO product_variants (product_id, sku, price, wholesale_price, image_url, stock) VALUES (268, 'PAV-GOT-0267', 18350, 13680, '/uploads/products/gota-patti-sarees-267.jpg', 10);
INSERT INTO products (id, title, description, category_id, seller_id, status, is_approved) VALUES (269, 'Authentic Gota Patti Sarees in Georgette', 'Beautiful Gota Patti Sarees made of Georgette suitable for Festival Wear.', 4, 2, 'ACTIVE', 1);
INSERT INTO product_variants (product_id, sku, price, wholesale_price, image_url, stock) VALUES (269, 'PAV-GOT-0268', 18400, 13720, '/uploads/products/gota-patti-sarees-268.jpg', 10);
INSERT INTO products (id, title, description, category_id, seller_id, status, is_approved) VALUES (270, 'Authentic Gota Patti Sarees in Georgette', 'Beautiful Gota Patti Sarees made of Georgette suitable for Festival Wear.', 4, 2, 'ACTIVE', 1);
INSERT INTO product_variants (product_id, sku, price, wholesale_price, image_url, stock) VALUES (270, 'PAV-GOT-0269', 18450, 13760, '/uploads/products/gota-patti-sarees-269.jpg', 10);
INSERT INTO products (id, title, description, category_id, seller_id, status, is_approved) VALUES (271, 'Authentic Gota Patti Sarees in Georgette', 'Beautiful Gota Patti Sarees made of Georgette suitable for Festival Wear.', 4, 2, 'ACTIVE', 1);
INSERT INTO product_variants (product_id, sku, price, wholesale_price, image_url, stock) VALUES (271, 'PAV-GOT-0270', 18500, 13800, '/uploads/products/gota-patti-sarees-270.jpg', 10);
INSERT INTO products (id, title, description, category_id, seller_id, status, is_approved) VALUES (272, 'Authentic Gota Patti Sarees in Georgette', 'Beautiful Gota Patti Sarees made of Georgette suitable for Festival Wear.', 4, 2, 'ACTIVE', 1);
INSERT INTO product_variants (product_id, sku, price, wholesale_price, image_url, stock) VALUES (272, 'PAV-GOT-0271', 18550, 13840, '/uploads/products/gota-patti-sarees-271.jpg', 10);
INSERT INTO products (id, title, description, category_id, seller_id, status, is_approved) VALUES (273, 'Authentic Gota Patti Sarees in Georgette', 'Beautiful Gota Patti Sarees made of Georgette suitable for Festival Wear.', 4, 2, 'ACTIVE', 1);
INSERT INTO product_variants (product_id, sku, price, wholesale_price, image_url, stock) VALUES (273, 'PAV-GOT-0272', 18600, 13880, '/uploads/products/gota-patti-sarees-272.jpg', 10);
INSERT INTO products (id, title, description, category_id, seller_id, status, is_approved) VALUES (274, 'Authentic Gota Patti Sarees in Georgette', 'Beautiful Gota Patti Sarees made of Georgette suitable for Festival Wear.', 4, 2, 'ACTIVE', 1);
INSERT INTO product_variants (product_id, sku, price, wholesale_price, image_url, stock) VALUES (274, 'PAV-GOT-0273', 18650, 13920, '/uploads/products/gota-patti-sarees-273.jpg', 10);
INSERT INTO products (id, title, description, category_id, seller_id, status, is_approved) VALUES (275, 'Authentic Gota Patti Sarees in Georgette', 'Beautiful Gota Patti Sarees made of Georgette suitable for Festival Wear.', 4, 2, 'ACTIVE', 1);
INSERT INTO product_variants (product_id, sku, price, wholesale_price, image_url, stock) VALUES (275, 'PAV-GOT-0274', 18700, 13960, '/uploads/products/gota-patti-sarees-274.jpg', 10);
INSERT INTO products (id, title, description, category_id, seller_id, status, is_approved) VALUES (276, 'Authentic Gota Patti Sarees in Georgette', 'Beautiful Gota Patti Sarees made of Georgette suitable for Festival Wear.', 4, 2, 'ACTIVE', 1);
INSERT INTO product_variants (product_id, sku, price, wholesale_price, image_url, stock) VALUES (276, 'PAV-GOT-0275', 18750, 14000, '/uploads/products/gota-patti-sarees-275.jpg', 10);
INSERT INTO products (id, title, description, category_id, seller_id, status, is_approved) VALUES (277, 'Authentic Gota Patti Sarees in Georgette', 'Beautiful Gota Patti Sarees made of Georgette suitable for Festival Wear.', 4, 2, 'ACTIVE', 1);
INSERT INTO product_variants (product_id, sku, price, wholesale_price, image_url, stock) VALUES (277, 'PAV-GOT-0276', 18800, 14040, '/uploads/products/gota-patti-sarees-276.jpg', 10);
INSERT INTO products (id, title, description, category_id, seller_id, status, is_approved) VALUES (278, 'Authentic Gota Patti Sarees in Georgette', 'Beautiful Gota Patti Sarees made of Georgette suitable for Festival Wear.', 4, 2, 'ACTIVE', 1);
INSERT INTO product_variants (product_id, sku, price, wholesale_price, image_url, stock) VALUES (278, 'PAV-GOT-0277', 18850, 14080, '/uploads/products/gota-patti-sarees-277.jpg', 10);
INSERT INTO products (id, title, description, category_id, seller_id, status, is_approved) VALUES (279, 'Authentic Gota Patti Sarees in Georgette', 'Beautiful Gota Patti Sarees made of Georgette suitable for Festival Wear.', 4, 2, 'ACTIVE', 1);
INSERT INTO product_variants (product_id, sku, price, wholesale_price, image_url, stock) VALUES (279, 'PAV-GOT-0278', 18900, 14120, '/uploads/products/gota-patti-sarees-278.jpg', 10);
INSERT INTO products (id, title, description, category_id, seller_id, status, is_approved) VALUES (280, 'Authentic Gota Patti Sarees in Georgette', 'Beautiful Gota Patti Sarees made of Georgette suitable for Festival Wear.', 4, 2, 'ACTIVE', 1);
INSERT INTO product_variants (product_id, sku, price, wholesale_price, image_url, stock) VALUES (280, 'PAV-GOT-0279', 18950, 14160, '/uploads/products/gota-patti-sarees-279.jpg', 10);
INSERT INTO products (id, title, description, category_id, seller_id, status, is_approved) VALUES (281, 'Authentic Gota Patti Sarees in Georgette', 'Beautiful Gota Patti Sarees made of Georgette suitable for Festival Wear.', 4, 2, 'ACTIVE', 1);
INSERT INTO product_variants (product_id, sku, price, wholesale_price, image_url, stock) VALUES (281, 'PAV-GOT-0280', 19000, 14200, '/uploads/products/gota-patti-sarees-280.jpg', 10);
INSERT INTO products (id, title, description, category_id, seller_id, status, is_approved) VALUES (282, 'Authentic Gota Patti Sarees in Georgette', 'Beautiful Gota Patti Sarees made of Georgette suitable for Festival Wear.', 4, 2, 'ACTIVE', 1);
INSERT INTO product_variants (product_id, sku, price, wholesale_price, image_url, stock) VALUES (282, 'PAV-GOT-0281', 19050, 14240, '/uploads/products/gota-patti-sarees-281.jpg', 10);
INSERT INTO products (id, title, description, category_id, seller_id, status, is_approved) VALUES (283, 'Authentic Gota Patti Sarees in Georgette', 'Beautiful Gota Patti Sarees made of Georgette suitable for Festival Wear.', 4, 2, 'ACTIVE', 1);
INSERT INTO product_variants (product_id, sku, price, wholesale_price, image_url, stock) VALUES (283, 'PAV-GOT-0282', 19100, 14280, '/uploads/products/gota-patti-sarees-282.jpg', 10);
INSERT INTO products (id, title, description, category_id, seller_id, status, is_approved) VALUES (284, 'Authentic Gota Patti Sarees in Georgette', 'Beautiful Gota Patti Sarees made of Georgette suitable for Festival Wear.', 4, 2, 'ACTIVE', 1);
INSERT INTO product_variants (product_id, sku, price, wholesale_price, image_url, stock) VALUES (284, 'PAV-GOT-0283', 19150, 14320, '/uploads/products/gota-patti-sarees-283.jpg', 10);
INSERT INTO products (id, title, description, category_id, seller_id, status, is_approved) VALUES (285, 'Authentic Gota Patti Sarees in Georgette', 'Beautiful Gota Patti Sarees made of Georgette suitable for Festival Wear.', 4, 2, 'ACTIVE', 1);
INSERT INTO product_variants (product_id, sku, price, wholesale_price, image_url, stock) VALUES (285, 'PAV-GOT-0284', 19200, 14360, '/uploads/products/gota-patti-sarees-284.jpg', 10);
INSERT INTO products (id, title, description, category_id, seller_id, status, is_approved) VALUES (286, 'Authentic Gota Patti Sarees in Georgette', 'Beautiful Gota Patti Sarees made of Georgette suitable for Festival Wear.', 4, 2, 'ACTIVE', 1);
INSERT INTO product_variants (product_id, sku, price, wholesale_price, image_url, stock) VALUES (286, 'PAV-GOT-0285', 19250, 14400, '/uploads/products/gota-patti-sarees-285.jpg', 10);
INSERT INTO products (id, title, description, category_id, seller_id, status, is_approved) VALUES (287, 'Authentic Gota Patti Sarees in Georgette', 'Beautiful Gota Patti Sarees made of Georgette suitable for Festival Wear.', 4, 2, 'ACTIVE', 1);
INSERT INTO product_variants (product_id, sku, price, wholesale_price, image_url, stock) VALUES (287, 'PAV-GOT-0286', 19300, 14440, '/uploads/products/gota-patti-sarees-286.jpg', 10);
INSERT INTO products (id, title, description, category_id, seller_id, status, is_approved) VALUES (288, 'Authentic Gota Patti Sarees in Georgette', 'Beautiful Gota Patti Sarees made of Georgette suitable for Festival Wear.', 4, 2, 'ACTIVE', 1);
INSERT INTO product_variants (product_id, sku, price, wholesale_price, image_url, stock) VALUES (288, 'PAV-GOT-0287', 19350, 14480, '/uploads/products/gota-patti-sarees-287.jpg', 10);
INSERT INTO products (id, title, description, category_id, seller_id, status, is_approved) VALUES (289, 'Authentic Gota Patti Sarees in Georgette', 'Beautiful Gota Patti Sarees made of Georgette suitable for Festival Wear.', 4, 2, 'ACTIVE', 1);
INSERT INTO product_variants (product_id, sku, price, wholesale_price, image_url, stock) VALUES (289, 'PAV-GOT-0288', 19400, 14520, '/uploads/products/gota-patti-sarees-288.jpg', 10);
INSERT INTO products (id, title, description, category_id, seller_id, status, is_approved) VALUES (290, 'Authentic Gota Patti Sarees in Georgette', 'Beautiful Gota Patti Sarees made of Georgette suitable for Festival Wear.', 4, 2, 'ACTIVE', 1);
INSERT INTO product_variants (product_id, sku, price, wholesale_price, image_url, stock) VALUES (290, 'PAV-GOT-0289', 19450, 14560, '/uploads/products/gota-patti-sarees-289.jpg', 10);
INSERT INTO products (id, title, description, category_id, seller_id, status, is_approved) VALUES (291, 'Authentic Gota Patti Sarees in Georgette', 'Beautiful Gota Patti Sarees made of Georgette suitable for Festival Wear.', 4, 2, 'ACTIVE', 1);
INSERT INTO product_variants (product_id, sku, price, wholesale_price, image_url, stock) VALUES (291, 'PAV-GOT-0290', 19500, 14600, '/uploads/products/gota-patti-sarees-290.jpg', 10);
INSERT INTO products (id, title, description, category_id, seller_id, status, is_approved) VALUES (292, 'Authentic Party Wear Sarees in Georgette', 'Beautiful Party Wear Sarees made of Georgette suitable for Party Wear.', 16, 2, 'ACTIVE', 1);
INSERT INTO product_variants (product_id, sku, price, wholesale_price, image_url, stock) VALUES (292, 'PAV-PAR-0291', 19550, 14640, '/uploads/products/party-wear-sarees-291.jpg', 10);
INSERT INTO products (id, title, description, category_id, seller_id, status, is_approved) VALUES (293, 'Authentic Party Wear Sarees in Georgette', 'Beautiful Party Wear Sarees made of Georgette suitable for Party Wear.', 16, 2, 'ACTIVE', 1);
INSERT INTO product_variants (product_id, sku, price, wholesale_price, image_url, stock) VALUES (293, 'PAV-PAR-0292', 19600, 14680, '/uploads/products/party-wear-sarees-292.jpg', 10);
INSERT INTO products (id, title, description, category_id, seller_id, status, is_approved) VALUES (294, 'Authentic Party Wear Sarees in Georgette', 'Beautiful Party Wear Sarees made of Georgette suitable for Party Wear.', 16, 2, 'ACTIVE', 1);
INSERT INTO product_variants (product_id, sku, price, wholesale_price, image_url, stock) VALUES (294, 'PAV-PAR-0293', 19650, 14720, '/uploads/products/party-wear-sarees-293.jpg', 10);
INSERT INTO products (id, title, description, category_id, seller_id, status, is_approved) VALUES (295, 'Authentic Party Wear Sarees in Georgette', 'Beautiful Party Wear Sarees made of Georgette suitable for Party Wear.', 16, 2, 'ACTIVE', 1);
INSERT INTO product_variants (product_id, sku, price, wholesale_price, image_url, stock) VALUES (295, 'PAV-PAR-0294', 19700, 14760, '/uploads/products/party-wear-sarees-294.jpg', 10);
INSERT INTO products (id, title, description, category_id, seller_id, status, is_approved) VALUES (296, 'Authentic Party Wear Sarees in Georgette', 'Beautiful Party Wear Sarees made of Georgette suitable for Party Wear.', 16, 2, 'ACTIVE', 1);
INSERT INTO product_variants (product_id, sku, price, wholesale_price, image_url, stock) VALUES (296, 'PAV-PAR-0295', 19750, 14800, '/uploads/products/party-wear-sarees-295.jpg', 10);
INSERT INTO products (id, title, description, category_id, seller_id, status, is_approved) VALUES (297, 'Authentic Party Wear Sarees in Georgette', 'Beautiful Party Wear Sarees made of Georgette suitable for Party Wear.', 16, 2, 'ACTIVE', 1);
INSERT INTO product_variants (product_id, sku, price, wholesale_price, image_url, stock) VALUES (297, 'PAV-PAR-0296', 19800, 14840, '/uploads/products/party-wear-sarees-296.jpg', 10);
INSERT INTO products (id, title, description, category_id, seller_id, status, is_approved) VALUES (298, 'Authentic Party Wear Sarees in Georgette', 'Beautiful Party Wear Sarees made of Georgette suitable for Party Wear.', 16, 2, 'ACTIVE', 1);
INSERT INTO product_variants (product_id, sku, price, wholesale_price, image_url, stock) VALUES (298, 'PAV-PAR-0297', 19850, 14880, '/uploads/products/party-wear-sarees-297.jpg', 10);
INSERT INTO products (id, title, description, category_id, seller_id, status, is_approved) VALUES (299, 'Authentic Party Wear Sarees in Georgette', 'Beautiful Party Wear Sarees made of Georgette suitable for Party Wear.', 16, 2, 'ACTIVE', 1);
INSERT INTO product_variants (product_id, sku, price, wholesale_price, image_url, stock) VALUES (299, 'PAV-PAR-0298', 19900, 14920, '/uploads/products/party-wear-sarees-298.jpg', 10);
INSERT INTO products (id, title, description, category_id, seller_id, status, is_approved) VALUES (300, 'Authentic Party Wear Sarees in Georgette', 'Beautiful Party Wear Sarees made of Georgette suitable for Party Wear.', 16, 2, 'ACTIVE', 1);
INSERT INTO product_variants (product_id, sku, price, wholesale_price, image_url, stock) VALUES (300, 'PAV-PAR-0299', 19950, 14960, '/uploads/products/party-wear-sarees-299.jpg', 10);
INSERT INTO products (id, title, description, category_id, seller_id, status, is_approved) VALUES (301, 'Authentic Party Wear Sarees in Georgette', 'Beautiful Party Wear Sarees made of Georgette suitable for Party Wear.', 16, 2, 'ACTIVE', 1);
INSERT INTO product_variants (product_id, sku, price, wholesale_price, image_url, stock) VALUES (301, 'PAV-PAR-0300', 20000, 15000, '/uploads/products/party-wear-sarees-300.jpg', 10);
INSERT INTO products (id, title, description, category_id, seller_id, status, is_approved) VALUES (302, 'Authentic Party Wear Sarees in Georgette', 'Beautiful Party Wear Sarees made of Georgette suitable for Party Wear.', 16, 2, 'ACTIVE', 1);
INSERT INTO product_variants (product_id, sku, price, wholesale_price, image_url, stock) VALUES (302, 'PAV-PAR-0301', 20050, 15040, '/uploads/products/party-wear-sarees-301.jpg', 10);
INSERT INTO products (id, title, description, category_id, seller_id, status, is_approved) VALUES (303, 'Authentic Party Wear Sarees in Georgette', 'Beautiful Party Wear Sarees made of Georgette suitable for Party Wear.', 16, 2, 'ACTIVE', 1);
INSERT INTO product_variants (product_id, sku, price, wholesale_price, image_url, stock) VALUES (303, 'PAV-PAR-0302', 20100, 15080, '/uploads/products/party-wear-sarees-302.jpg', 10);
INSERT INTO products (id, title, description, category_id, seller_id, status, is_approved) VALUES (304, 'Authentic Party Wear Sarees in Georgette', 'Beautiful Party Wear Sarees made of Georgette suitable for Party Wear.', 16, 2, 'ACTIVE', 1);
INSERT INTO product_variants (product_id, sku, price, wholesale_price, image_url, stock) VALUES (304, 'PAV-PAR-0303', 20150, 15120, '/uploads/products/party-wear-sarees-303.jpg', 10);
INSERT INTO products (id, title, description, category_id, seller_id, status, is_approved) VALUES (305, 'Authentic Party Wear Sarees in Georgette', 'Beautiful Party Wear Sarees made of Georgette suitable for Party Wear.', 16, 2, 'ACTIVE', 1);
INSERT INTO product_variants (product_id, sku, price, wholesale_price, image_url, stock) VALUES (305, 'PAV-PAR-0304', 20200, 15160, '/uploads/products/party-wear-sarees-304.jpg', 10);
INSERT INTO products (id, title, description, category_id, seller_id, status, is_approved) VALUES (306, 'Authentic Party Wear Sarees in Georgette', 'Beautiful Party Wear Sarees made of Georgette suitable for Party Wear.', 16, 2, 'ACTIVE', 1);
INSERT INTO product_variants (product_id, sku, price, wholesale_price, image_url, stock) VALUES (306, 'PAV-PAR-0305', 20250, 15200, '/uploads/products/party-wear-sarees-305.jpg', 10);
INSERT INTO products (id, title, description, category_id, seller_id, status, is_approved) VALUES (307, 'Authentic Party Wear Sarees in Georgette', 'Beautiful Party Wear Sarees made of Georgette suitable for Party Wear.', 16, 2, 'ACTIVE', 1);
INSERT INTO product_variants (product_id, sku, price, wholesale_price, image_url, stock) VALUES (307, 'PAV-PAR-0306', 20300, 15240, '/uploads/products/party-wear-sarees-306.jpg', 10);
INSERT INTO products (id, title, description, category_id, seller_id, status, is_approved) VALUES (308, 'Authentic Party Wear Sarees in Georgette', 'Beautiful Party Wear Sarees made of Georgette suitable for Party Wear.', 16, 2, 'ACTIVE', 1);
INSERT INTO product_variants (product_id, sku, price, wholesale_price, image_url, stock) VALUES (308, 'PAV-PAR-0307', 20350, 15280, '/uploads/products/party-wear-sarees-307.jpg', 10);
INSERT INTO products (id, title, description, category_id, seller_id, status, is_approved) VALUES (309, 'Authentic Party Wear Sarees in Georgette', 'Beautiful Party Wear Sarees made of Georgette suitable for Party Wear.', 16, 2, 'ACTIVE', 1);
INSERT INTO product_variants (product_id, sku, price, wholesale_price, image_url, stock) VALUES (309, 'PAV-PAR-0308', 20400, 15320, '/uploads/products/party-wear-sarees-308.jpg', 10);
INSERT INTO products (id, title, description, category_id, seller_id, status, is_approved) VALUES (310, 'Authentic Party Wear Sarees in Georgette', 'Beautiful Party Wear Sarees made of Georgette suitable for Party Wear.', 16, 2, 'ACTIVE', 1);
INSERT INTO product_variants (product_id, sku, price, wholesale_price, image_url, stock) VALUES (310, 'PAV-PAR-0309', 20450, 15360, '/uploads/products/party-wear-sarees-309.jpg', 10);
INSERT INTO products (id, title, description, category_id, seller_id, status, is_approved) VALUES (311, 'Authentic Party Wear Sarees in Georgette', 'Beautiful Party Wear Sarees made of Georgette suitable for Party Wear.', 16, 2, 'ACTIVE', 1);
INSERT INTO product_variants (product_id, sku, price, wholesale_price, image_url, stock) VALUES (311, 'PAV-PAR-0310', 20500, 15400, '/uploads/products/party-wear-sarees-310.jpg', 10);
INSERT INTO products (id, title, description, category_id, seller_id, status, is_approved) VALUES (312, 'Authentic Party Wear Sarees in Georgette', 'Beautiful Party Wear Sarees made of Georgette suitable for Party Wear.', 16, 2, 'ACTIVE', 1);
INSERT INTO product_variants (product_id, sku, price, wholesale_price, image_url, stock) VALUES (312, 'PAV-PAR-0311', 20550, 15440, '/uploads/products/party-wear-sarees-311.jpg', 10);
INSERT INTO products (id, title, description, category_id, seller_id, status, is_approved) VALUES (313, 'Authentic Party Wear Sarees in Georgette', 'Beautiful Party Wear Sarees made of Georgette suitable for Party Wear.', 16, 2, 'ACTIVE', 1);
INSERT INTO product_variants (product_id, sku, price, wholesale_price, image_url, stock) VALUES (313, 'PAV-PAR-0312', 20600, 15480, '/uploads/products/party-wear-sarees-312.jpg', 10);
INSERT INTO products (id, title, description, category_id, seller_id, status, is_approved) VALUES (314, 'Authentic Party Wear Sarees in Georgette', 'Beautiful Party Wear Sarees made of Georgette suitable for Party Wear.', 16, 2, 'ACTIVE', 1);
INSERT INTO product_variants (product_id, sku, price, wholesale_price, image_url, stock) VALUES (314, 'PAV-PAR-0313', 20650, 15520, '/uploads/products/party-wear-sarees-313.jpg', 10);
INSERT INTO products (id, title, description, category_id, seller_id, status, is_approved) VALUES (315, 'Authentic Party Wear Sarees in Georgette', 'Beautiful Party Wear Sarees made of Georgette suitable for Party Wear.', 16, 2, 'ACTIVE', 1);
INSERT INTO product_variants (product_id, sku, price, wholesale_price, image_url, stock) VALUES (315, 'PAV-PAR-0314', 20700, 15560, '/uploads/products/party-wear-sarees-314.jpg', 10);
INSERT INTO products (id, title, description, category_id, seller_id, status, is_approved) VALUES (316, 'Authentic Party Wear Sarees in Georgette', 'Beautiful Party Wear Sarees made of Georgette suitable for Party Wear.', 16, 2, 'ACTIVE', 1);
INSERT INTO product_variants (product_id, sku, price, wholesale_price, image_url, stock) VALUES (316, 'PAV-PAR-0315', 20750, 15600, '/uploads/products/party-wear-sarees-315.jpg', 10);
INSERT INTO products (id, title, description, category_id, seller_id, status, is_approved) VALUES (317, 'Authentic Party Wear Sarees in Georgette', 'Beautiful Party Wear Sarees made of Georgette suitable for Party Wear.', 16, 2, 'ACTIVE', 1);
INSERT INTO product_variants (product_id, sku, price, wholesale_price, image_url, stock) VALUES (317, 'PAV-PAR-0316', 20800, 15640, '/uploads/products/party-wear-sarees-316.jpg', 10);
INSERT INTO products (id, title, description, category_id, seller_id, status, is_approved) VALUES (318, 'Authentic Party Wear Sarees in Georgette', 'Beautiful Party Wear Sarees made of Georgette suitable for Party Wear.', 16, 2, 'ACTIVE', 1);
INSERT INTO product_variants (product_id, sku, price, wholesale_price, image_url, stock) VALUES (318, 'PAV-PAR-0317', 20850, 15680, '/uploads/products/party-wear-sarees-317.jpg', 10);
INSERT INTO products (id, title, description, category_id, seller_id, status, is_approved) VALUES (319, 'Authentic Party Wear Sarees in Georgette', 'Beautiful Party Wear Sarees made of Georgette suitable for Party Wear.', 16, 2, 'ACTIVE', 1);
INSERT INTO product_variants (product_id, sku, price, wholesale_price, image_url, stock) VALUES (319, 'PAV-PAR-0318', 20900, 15720, '/uploads/products/party-wear-sarees-318.jpg', 10);
INSERT INTO products (id, title, description, category_id, seller_id, status, is_approved) VALUES (320, 'Authentic Party Wear Sarees in Georgette', 'Beautiful Party Wear Sarees made of Georgette suitable for Party Wear.', 16, 2, 'ACTIVE', 1);
INSERT INTO product_variants (product_id, sku, price, wholesale_price, image_url, stock) VALUES (320, 'PAV-PAR-0319', 20950, 15760, '/uploads/products/party-wear-sarees-319.jpg', 10);
INSERT INTO products (id, title, description, category_id, seller_id, status, is_approved) VALUES (321, 'Authentic Party Wear Sarees in Georgette', 'Beautiful Party Wear Sarees made of Georgette suitable for Party Wear.', 16, 2, 'ACTIVE', 1);
INSERT INTO product_variants (product_id, sku, price, wholesale_price, image_url, stock) VALUES (321, 'PAV-PAR-0320', 21000, 15800, '/uploads/products/party-wear-sarees-320.jpg', 10);
INSERT INTO products (id, title, description, category_id, seller_id, status, is_approved) VALUES (322, 'Authentic Party Wear Sarees in Georgette', 'Beautiful Party Wear Sarees made of Georgette suitable for Party Wear.', 16, 2, 'ACTIVE', 1);
INSERT INTO product_variants (product_id, sku, price, wholesale_price, image_url, stock) VALUES (322, 'PAV-PAR-0321', 21050, 15840, '/uploads/products/party-wear-sarees-321.jpg', 10);
INSERT INTO products (id, title, description, category_id, seller_id, status, is_approved) VALUES (323, 'Authentic Party Wear Sarees in Georgette', 'Beautiful Party Wear Sarees made of Georgette suitable for Party Wear.', 16, 2, 'ACTIVE', 1);
INSERT INTO product_variants (product_id, sku, price, wholesale_price, image_url, stock) VALUES (323, 'PAV-PAR-0322', 21100, 15880, '/uploads/products/party-wear-sarees-322.jpg', 10);
INSERT INTO products (id, title, description, category_id, seller_id, status, is_approved) VALUES (324, 'Authentic Party Wear Sarees in Georgette', 'Beautiful Party Wear Sarees made of Georgette suitable for Party Wear.', 16, 2, 'ACTIVE', 1);
INSERT INTO product_variants (product_id, sku, price, wholesale_price, image_url, stock) VALUES (324, 'PAV-PAR-0323', 21150, 15920, '/uploads/products/party-wear-sarees-323.jpg', 10);
INSERT INTO products (id, title, description, category_id, seller_id, status, is_approved) VALUES (325, 'Authentic Party Wear Sarees in Georgette', 'Beautiful Party Wear Sarees made of Georgette suitable for Party Wear.', 16, 2, 'ACTIVE', 1);
INSERT INTO product_variants (product_id, sku, price, wholesale_price, image_url, stock) VALUES (325, 'PAV-PAR-0324', 21200, 15960, '/uploads/products/party-wear-sarees-324.jpg', 10);
INSERT INTO products (id, title, description, category_id, seller_id, status, is_approved) VALUES (326, 'Authentic Party Wear Sarees in Georgette', 'Beautiful Party Wear Sarees made of Georgette suitable for Party Wear.', 16, 2, 'ACTIVE', 1);
INSERT INTO product_variants (product_id, sku, price, wholesale_price, image_url, stock) VALUES (326, 'PAV-PAR-0325', 21250, 16000, '/uploads/products/party-wear-sarees-325.jpg', 10);
INSERT INTO products (id, title, description, category_id, seller_id, status, is_approved) VALUES (327, 'Authentic Party Wear Sarees in Georgette', 'Beautiful Party Wear Sarees made of Georgette suitable for Party Wear.', 16, 2, 'ACTIVE', 1);
INSERT INTO product_variants (product_id, sku, price, wholesale_price, image_url, stock) VALUES (327, 'PAV-PAR-0326', 21300, 16040, '/uploads/products/party-wear-sarees-326.jpg', 10);
INSERT INTO products (id, title, description, category_id, seller_id, status, is_approved) VALUES (328, 'Authentic Party Wear Sarees in Georgette', 'Beautiful Party Wear Sarees made of Georgette suitable for Party Wear.', 16, 2, 'ACTIVE', 1);
INSERT INTO product_variants (product_id, sku, price, wholesale_price, image_url, stock) VALUES (328, 'PAV-PAR-0327', 21350, 16080, '/uploads/products/party-wear-sarees-327.jpg', 10);
INSERT INTO products (id, title, description, category_id, seller_id, status, is_approved) VALUES (329, 'Authentic Party Wear Sarees in Georgette', 'Beautiful Party Wear Sarees made of Georgette suitable for Party Wear.', 16, 2, 'ACTIVE', 1);
INSERT INTO product_variants (product_id, sku, price, wholesale_price, image_url, stock) VALUES (329, 'PAV-PAR-0328', 21400, 16120, '/uploads/products/party-wear-sarees-328.jpg', 10);
INSERT INTO products (id, title, description, category_id, seller_id, status, is_approved) VALUES (330, 'Authentic Party Wear Sarees in Georgette', 'Beautiful Party Wear Sarees made of Georgette suitable for Party Wear.', 16, 2, 'ACTIVE', 1);
INSERT INTO product_variants (product_id, sku, price, wholesale_price, image_url, stock) VALUES (330, 'PAV-PAR-0329', 21450, 16160, '/uploads/products/party-wear-sarees-329.jpg', 10);
INSERT INTO products (id, title, description, category_id, seller_id, status, is_approved) VALUES (331, 'Authentic Party Wear Sarees in Georgette', 'Beautiful Party Wear Sarees made of Georgette suitable for Party Wear.', 16, 2, 'ACTIVE', 1);
INSERT INTO product_variants (product_id, sku, price, wholesale_price, image_url, stock) VALUES (331, 'PAV-PAR-0330', 21500, 16200, '/uploads/products/party-wear-sarees-330.jpg', 10);
INSERT INTO products (id, title, description, category_id, seller_id, status, is_approved) VALUES (332, 'Authentic Party Wear Sarees in Georgette', 'Beautiful Party Wear Sarees made of Georgette suitable for Party Wear.', 16, 2, 'ACTIVE', 1);
INSERT INTO product_variants (product_id, sku, price, wholesale_price, image_url, stock) VALUES (332, 'PAV-PAR-0331', 21550, 16240, '/uploads/products/party-wear-sarees-331.jpg', 10);
INSERT INTO products (id, title, description, category_id, seller_id, status, is_approved) VALUES (333, 'Authentic Party Wear Sarees in Georgette', 'Beautiful Party Wear Sarees made of Georgette suitable for Party Wear.', 16, 2, 'ACTIVE', 1);
INSERT INTO product_variants (product_id, sku, price, wholesale_price, image_url, stock) VALUES (333, 'PAV-PAR-0332', 21600, 16280, '/uploads/products/party-wear-sarees-332.jpg', 10);
INSERT INTO products (id, title, description, category_id, seller_id, status, is_approved) VALUES (334, 'Authentic Party Wear Sarees in Georgette', 'Beautiful Party Wear Sarees made of Georgette suitable for Party Wear.', 16, 2, 'ACTIVE', 1);
INSERT INTO product_variants (product_id, sku, price, wholesale_price, image_url, stock) VALUES (334, 'PAV-PAR-0333', 21650, 16320, '/uploads/products/party-wear-sarees-333.jpg', 10);
INSERT INTO products (id, title, description, category_id, seller_id, status, is_approved) VALUES (335, 'Authentic Party Wear Sarees in Georgette', 'Beautiful Party Wear Sarees made of Georgette suitable for Party Wear.', 16, 2, 'ACTIVE', 1);
INSERT INTO product_variants (product_id, sku, price, wholesale_price, image_url, stock) VALUES (335, 'PAV-PAR-0334', 21700, 16360, '/uploads/products/party-wear-sarees-334.jpg', 10);
INSERT INTO products (id, title, description, category_id, seller_id, status, is_approved) VALUES (336, 'Authentic Party Wear Sarees in Georgette', 'Beautiful Party Wear Sarees made of Georgette suitable for Party Wear.', 16, 2, 'ACTIVE', 1);
INSERT INTO product_variants (product_id, sku, price, wholesale_price, image_url, stock) VALUES (336, 'PAV-PAR-0335', 21750, 16400, '/uploads/products/party-wear-sarees-335.jpg', 10);
INSERT INTO products (id, title, description, category_id, seller_id, status, is_approved) VALUES (337, 'Authentic Party Wear Sarees in Georgette', 'Beautiful Party Wear Sarees made of Georgette suitable for Party Wear.', 16, 2, 'ACTIVE', 1);
INSERT INTO product_variants (product_id, sku, price, wholesale_price, image_url, stock) VALUES (337, 'PAV-PAR-0336', 21800, 16440, '/uploads/products/party-wear-sarees-336.jpg', 10);
INSERT INTO products (id, title, description, category_id, seller_id, status, is_approved) VALUES (338, 'Authentic Party Wear Sarees in Georgette', 'Beautiful Party Wear Sarees made of Georgette suitable for Party Wear.', 16, 2, 'ACTIVE', 1);
INSERT INTO product_variants (product_id, sku, price, wholesale_price, image_url, stock) VALUES (338, 'PAV-PAR-0337', 21850, 16480, '/uploads/products/party-wear-sarees-337.jpg', 10);
INSERT INTO products (id, title, description, category_id, seller_id, status, is_approved) VALUES (339, 'Authentic Party Wear Sarees in Georgette', 'Beautiful Party Wear Sarees made of Georgette suitable for Party Wear.', 16, 2, 'ACTIVE', 1);
INSERT INTO product_variants (product_id, sku, price, wholesale_price, image_url, stock) VALUES (339, 'PAV-PAR-0338', 21900, 16520, '/uploads/products/party-wear-sarees-338.jpg', 10);
INSERT INTO products (id, title, description, category_id, seller_id, status, is_approved) VALUES (340, 'Authentic Party Wear Sarees in Georgette', 'Beautiful Party Wear Sarees made of Georgette suitable for Party Wear.', 16, 2, 'ACTIVE', 1);
INSERT INTO product_variants (product_id, sku, price, wholesale_price, image_url, stock) VALUES (340, 'PAV-PAR-0339', 21950, 16560, '/uploads/products/party-wear-sarees-339.jpg', 10);
INSERT INTO products (id, title, description, category_id, seller_id, status, is_approved) VALUES (341, 'Authentic Party Wear Sarees in Georgette', 'Beautiful Party Wear Sarees made of Georgette suitable for Party Wear.', 16, 2, 'ACTIVE', 1);
INSERT INTO product_variants (product_id, sku, price, wholesale_price, image_url, stock) VALUES (341, 'PAV-PAR-0340', 22000, 16600, '/uploads/products/party-wear-sarees-340.jpg', 10);
INSERT INTO products (id, title, description, category_id, seller_id, status, is_approved) VALUES (342, 'Authentic Party Wear Sarees in Georgette', 'Beautiful Party Wear Sarees made of Georgette suitable for Party Wear.', 16, 2, 'ACTIVE', 1);
INSERT INTO product_variants (product_id, sku, price, wholesale_price, image_url, stock) VALUES (342, 'PAV-PAR-0341', 22050, 16640, '/uploads/products/party-wear-sarees-341.jpg', 10);
INSERT INTO products (id, title, description, category_id, seller_id, status, is_approved) VALUES (343, 'Authentic Party Wear Sarees in Georgette', 'Beautiful Party Wear Sarees made of Georgette suitable for Party Wear.', 16, 2, 'ACTIVE', 1);
INSERT INTO product_variants (product_id, sku, price, wholesale_price, image_url, stock) VALUES (343, 'PAV-PAR-0342', 22100, 16680, '/uploads/products/party-wear-sarees-342.jpg', 10);
INSERT INTO products (id, title, description, category_id, seller_id, status, is_approved) VALUES (344, 'Authentic Party Wear Sarees in Georgette', 'Beautiful Party Wear Sarees made of Georgette suitable for Party Wear.', 16, 2, 'ACTIVE', 1);
INSERT INTO product_variants (product_id, sku, price, wholesale_price, image_url, stock) VALUES (344, 'PAV-PAR-0343', 22150, 16720, '/uploads/products/party-wear-sarees-343.jpg', 10);
INSERT INTO products (id, title, description, category_id, seller_id, status, is_approved) VALUES (345, 'Authentic Party Wear Sarees in Georgette', 'Beautiful Party Wear Sarees made of Georgette suitable for Party Wear.', 16, 2, 'ACTIVE', 1);
INSERT INTO product_variants (product_id, sku, price, wholesale_price, image_url, stock) VALUES (345, 'PAV-PAR-0344', 22200, 16760, '/uploads/products/party-wear-sarees-344.jpg', 10);
INSERT INTO products (id, title, description, category_id, seller_id, status, is_approved) VALUES (346, 'Authentic Bridal Sarees in Pure Silk', 'Beautiful Bridal Sarees made of Pure Silk suitable for Wedding Wear.', 18, 2, 'ACTIVE', 1);
INSERT INTO product_variants (product_id, sku, price, wholesale_price, image_url, stock) VALUES (346, 'PAV-BRI-0345', 22250, 16800, '/uploads/products/bridal-sarees-345.jpg', 10);
INSERT INTO products (id, title, description, category_id, seller_id, status, is_approved) VALUES (347, 'Authentic Bridal Sarees in Pure Silk', 'Beautiful Bridal Sarees made of Pure Silk suitable for Wedding Wear.', 18, 2, 'ACTIVE', 1);
INSERT INTO product_variants (product_id, sku, price, wholesale_price, image_url, stock) VALUES (347, 'PAV-BRI-0346', 22300, 16840, '/uploads/products/bridal-sarees-346.jpg', 10);
INSERT INTO products (id, title, description, category_id, seller_id, status, is_approved) VALUES (348, 'Authentic Bridal Sarees in Pure Silk', 'Beautiful Bridal Sarees made of Pure Silk suitable for Wedding Wear.', 18, 2, 'ACTIVE', 1);
INSERT INTO product_variants (product_id, sku, price, wholesale_price, image_url, stock) VALUES (348, 'PAV-BRI-0347', 22350, 16880, '/uploads/products/bridal-sarees-347.jpg', 10);
INSERT INTO products (id, title, description, category_id, seller_id, status, is_approved) VALUES (349, 'Authentic Bridal Sarees in Pure Silk', 'Beautiful Bridal Sarees made of Pure Silk suitable for Wedding Wear.', 18, 2, 'ACTIVE', 1);
INSERT INTO product_variants (product_id, sku, price, wholesale_price, image_url, stock) VALUES (349, 'PAV-BRI-0348', 22400, 16920, '/uploads/products/bridal-sarees-348.jpg', 10);
INSERT INTO products (id, title, description, category_id, seller_id, status, is_approved) VALUES (350, 'Authentic Bridal Sarees in Pure Silk', 'Beautiful Bridal Sarees made of Pure Silk suitable for Wedding Wear.', 18, 2, 'ACTIVE', 1);
INSERT INTO product_variants (product_id, sku, price, wholesale_price, image_url, stock) VALUES (350, 'PAV-BRI-0349', 22450, 16960, '/uploads/products/bridal-sarees-349.jpg', 10);
INSERT INTO products (id, title, description, category_id, seller_id, status, is_approved) VALUES (351, 'Authentic Bridal Sarees in Pure Silk', 'Beautiful Bridal Sarees made of Pure Silk suitable for Wedding Wear.', 18, 2, 'ACTIVE', 1);
INSERT INTO product_variants (product_id, sku, price, wholesale_price, image_url, stock) VALUES (351, 'PAV-BRI-0350', 22500, 17000, '/uploads/products/bridal-sarees-350.jpg', 10);
INSERT INTO products (id, title, description, category_id, seller_id, status, is_approved) VALUES (352, 'Authentic Bridal Sarees in Pure Silk', 'Beautiful Bridal Sarees made of Pure Silk suitable for Wedding Wear.', 18, 2, 'ACTIVE', 1);
INSERT INTO product_variants (product_id, sku, price, wholesale_price, image_url, stock) VALUES (352, 'PAV-BRI-0351', 22550, 17040, '/uploads/products/bridal-sarees-351.jpg', 10);
INSERT INTO products (id, title, description, category_id, seller_id, status, is_approved) VALUES (353, 'Authentic Bridal Sarees in Pure Silk', 'Beautiful Bridal Sarees made of Pure Silk suitable for Wedding Wear.', 18, 2, 'ACTIVE', 1);
INSERT INTO product_variants (product_id, sku, price, wholesale_price, image_url, stock) VALUES (353, 'PAV-BRI-0352', 22600, 17080, '/uploads/products/bridal-sarees-352.jpg', 10);
INSERT INTO products (id, title, description, category_id, seller_id, status, is_approved) VALUES (354, 'Authentic Bridal Sarees in Pure Silk', 'Beautiful Bridal Sarees made of Pure Silk suitable for Wedding Wear.', 18, 2, 'ACTIVE', 1);
INSERT INTO product_variants (product_id, sku, price, wholesale_price, image_url, stock) VALUES (354, 'PAV-BRI-0353', 22650, 17120, '/uploads/products/bridal-sarees-353.jpg', 10);
INSERT INTO products (id, title, description, category_id, seller_id, status, is_approved) VALUES (355, 'Authentic Bridal Sarees in Pure Silk', 'Beautiful Bridal Sarees made of Pure Silk suitable for Wedding Wear.', 18, 2, 'ACTIVE', 1);
INSERT INTO product_variants (product_id, sku, price, wholesale_price, image_url, stock) VALUES (355, 'PAV-BRI-0354', 22700, 17160, '/uploads/products/bridal-sarees-354.jpg', 10);
INSERT INTO products (id, title, description, category_id, seller_id, status, is_approved) VALUES (356, 'Authentic Bridal Sarees in Pure Silk', 'Beautiful Bridal Sarees made of Pure Silk suitable for Wedding Wear.', 18, 2, 'ACTIVE', 1);
INSERT INTO product_variants (product_id, sku, price, wholesale_price, image_url, stock) VALUES (356, 'PAV-BRI-0355', 22750, 17200, '/uploads/products/bridal-sarees-355.jpg', 10);
INSERT INTO products (id, title, description, category_id, seller_id, status, is_approved) VALUES (357, 'Authentic Bridal Sarees in Pure Silk', 'Beautiful Bridal Sarees made of Pure Silk suitable for Wedding Wear.', 18, 2, 'ACTIVE', 1);
INSERT INTO product_variants (product_id, sku, price, wholesale_price, image_url, stock) VALUES (357, 'PAV-BRI-0356', 22800, 17240, '/uploads/products/bridal-sarees-356.jpg', 10);
INSERT INTO products (id, title, description, category_id, seller_id, status, is_approved) VALUES (358, 'Authentic Bridal Sarees in Pure Silk', 'Beautiful Bridal Sarees made of Pure Silk suitable for Wedding Wear.', 18, 2, 'ACTIVE', 1);
INSERT INTO product_variants (product_id, sku, price, wholesale_price, image_url, stock) VALUES (358, 'PAV-BRI-0357', 22850, 17280, '/uploads/products/bridal-sarees-357.jpg', 10);
INSERT INTO products (id, title, description, category_id, seller_id, status, is_approved) VALUES (359, 'Authentic Bridal Sarees in Pure Silk', 'Beautiful Bridal Sarees made of Pure Silk suitable for Wedding Wear.', 18, 2, 'ACTIVE', 1);
INSERT INTO product_variants (product_id, sku, price, wholesale_price, image_url, stock) VALUES (359, 'PAV-BRI-0358', 22900, 17320, '/uploads/products/bridal-sarees-358.jpg', 10);
INSERT INTO products (id, title, description, category_id, seller_id, status, is_approved) VALUES (360, 'Authentic Bridal Sarees in Pure Silk', 'Beautiful Bridal Sarees made of Pure Silk suitable for Wedding Wear.', 18, 2, 'ACTIVE', 1);
INSERT INTO product_variants (product_id, sku, price, wholesale_price, image_url, stock) VALUES (360, 'PAV-BRI-0359', 22950, 17360, '/uploads/products/bridal-sarees-359.jpg', 10);
INSERT INTO products (id, title, description, category_id, seller_id, status, is_approved) VALUES (361, 'Authentic Bridal Sarees in Pure Silk', 'Beautiful Bridal Sarees made of Pure Silk suitable for Wedding Wear.', 18, 2, 'ACTIVE', 1);
INSERT INTO product_variants (product_id, sku, price, wholesale_price, image_url, stock) VALUES (361, 'PAV-BRI-0360', 23000, 17400, '/uploads/products/bridal-sarees-360.jpg', 10);
INSERT INTO products (id, title, description, category_id, seller_id, status, is_approved) VALUES (362, 'Authentic Bridal Sarees in Pure Silk', 'Beautiful Bridal Sarees made of Pure Silk suitable for Wedding Wear.', 18, 2, 'ACTIVE', 1);
INSERT INTO product_variants (product_id, sku, price, wholesale_price, image_url, stock) VALUES (362, 'PAV-BRI-0361', 23050, 17440, '/uploads/products/bridal-sarees-361.jpg', 10);
INSERT INTO products (id, title, description, category_id, seller_id, status, is_approved) VALUES (363, 'Authentic Bridal Sarees in Pure Silk', 'Beautiful Bridal Sarees made of Pure Silk suitable for Wedding Wear.', 18, 2, 'ACTIVE', 1);
INSERT INTO product_variants (product_id, sku, price, wholesale_price, image_url, stock) VALUES (363, 'PAV-BRI-0362', 23100, 17480, '/uploads/products/bridal-sarees-362.jpg', 10);
INSERT INTO products (id, title, description, category_id, seller_id, status, is_approved) VALUES (364, 'Authentic Bridal Sarees in Pure Silk', 'Beautiful Bridal Sarees made of Pure Silk suitable for Wedding Wear.', 18, 2, 'ACTIVE', 1);
INSERT INTO product_variants (product_id, sku, price, wholesale_price, image_url, stock) VALUES (364, 'PAV-BRI-0363', 23150, 17520, '/uploads/products/bridal-sarees-363.jpg', 10);
INSERT INTO products (id, title, description, category_id, seller_id, status, is_approved) VALUES (365, 'Authentic Bridal Sarees in Pure Silk', 'Beautiful Bridal Sarees made of Pure Silk suitable for Wedding Wear.', 18, 2, 'ACTIVE', 1);
INSERT INTO product_variants (product_id, sku, price, wholesale_price, image_url, stock) VALUES (365, 'PAV-BRI-0364', 23200, 17560, '/uploads/products/bridal-sarees-364.jpg', 10);
INSERT INTO products (id, title, description, category_id, seller_id, status, is_approved) VALUES (366, 'Authentic Bridal Sarees in Pure Silk', 'Beautiful Bridal Sarees made of Pure Silk suitable for Wedding Wear.', 18, 2, 'ACTIVE', 1);
INSERT INTO product_variants (product_id, sku, price, wholesale_price, image_url, stock) VALUES (366, 'PAV-BRI-0365', 23250, 17600, '/uploads/products/bridal-sarees-365.jpg', 10);
INSERT INTO products (id, title, description, category_id, seller_id, status, is_approved) VALUES (367, 'Authentic Bridal Sarees in Pure Silk', 'Beautiful Bridal Sarees made of Pure Silk suitable for Wedding Wear.', 18, 2, 'ACTIVE', 1);
INSERT INTO product_variants (product_id, sku, price, wholesale_price, image_url, stock) VALUES (367, 'PAV-BRI-0366', 23300, 17640, '/uploads/products/bridal-sarees-366.jpg', 10);
INSERT INTO products (id, title, description, category_id, seller_id, status, is_approved) VALUES (368, 'Authentic Bridal Sarees in Pure Silk', 'Beautiful Bridal Sarees made of Pure Silk suitable for Wedding Wear.', 18, 2, 'ACTIVE', 1);
INSERT INTO product_variants (product_id, sku, price, wholesale_price, image_url, stock) VALUES (368, 'PAV-BRI-0367', 23350, 17680, '/uploads/products/bridal-sarees-367.jpg', 10);
INSERT INTO products (id, title, description, category_id, seller_id, status, is_approved) VALUES (369, 'Authentic Bridal Sarees in Pure Silk', 'Beautiful Bridal Sarees made of Pure Silk suitable for Wedding Wear.', 18, 2, 'ACTIVE', 1);
INSERT INTO product_variants (product_id, sku, price, wholesale_price, image_url, stock) VALUES (369, 'PAV-BRI-0368', 23400, 17720, '/uploads/products/bridal-sarees-368.jpg', 10);
INSERT INTO products (id, title, description, category_id, seller_id, status, is_approved) VALUES (370, 'Authentic Bridal Sarees in Pure Silk', 'Beautiful Bridal Sarees made of Pure Silk suitable for Wedding Wear.', 18, 2, 'ACTIVE', 1);
INSERT INTO product_variants (product_id, sku, price, wholesale_price, image_url, stock) VALUES (370, 'PAV-BRI-0369', 23450, 17760, '/uploads/products/bridal-sarees-369.jpg', 10);
INSERT INTO products (id, title, description, category_id, seller_id, status, is_approved) VALUES (371, 'Authentic Bridal Sarees in Pure Silk', 'Beautiful Bridal Sarees made of Pure Silk suitable for Wedding Wear.', 18, 2, 'ACTIVE', 1);
INSERT INTO product_variants (product_id, sku, price, wholesale_price, image_url, stock) VALUES (371, 'PAV-BRI-0370', 23500, 17800, '/uploads/products/bridal-sarees-370.jpg', 10);
INSERT INTO products (id, title, description, category_id, seller_id, status, is_approved) VALUES (372, 'Authentic Bridal Sarees in Pure Silk', 'Beautiful Bridal Sarees made of Pure Silk suitable for Wedding Wear.', 18, 2, 'ACTIVE', 1);
INSERT INTO product_variants (product_id, sku, price, wholesale_price, image_url, stock) VALUES (372, 'PAV-BRI-0371', 23550, 17840, '/uploads/products/bridal-sarees-371.jpg', 10);
INSERT INTO products (id, title, description, category_id, seller_id, status, is_approved) VALUES (373, 'Authentic Bridal Sarees in Pure Silk', 'Beautiful Bridal Sarees made of Pure Silk suitable for Wedding Wear.', 18, 2, 'ACTIVE', 1);
INSERT INTO product_variants (product_id, sku, price, wholesale_price, image_url, stock) VALUES (373, 'PAV-BRI-0372', 23600, 17880, '/uploads/products/bridal-sarees-372.jpg', 10);
INSERT INTO products (id, title, description, category_id, seller_id, status, is_approved) VALUES (374, 'Authentic Bridal Sarees in Pure Silk', 'Beautiful Bridal Sarees made of Pure Silk suitable for Wedding Wear.', 18, 2, 'ACTIVE', 1);
INSERT INTO product_variants (product_id, sku, price, wholesale_price, image_url, stock) VALUES (374, 'PAV-BRI-0373', 23650, 17920, '/uploads/products/bridal-sarees-373.jpg', 10);
INSERT INTO products (id, title, description, category_id, seller_id, status, is_approved) VALUES (375, 'Authentic Bridal Sarees in Pure Silk', 'Beautiful Bridal Sarees made of Pure Silk suitable for Wedding Wear.', 18, 2, 'ACTIVE', 1);
INSERT INTO product_variants (product_id, sku, price, wholesale_price, image_url, stock) VALUES (375, 'PAV-BRI-0374', 23700, 17960, '/uploads/products/bridal-sarees-374.jpg', 10);
INSERT INTO products (id, title, description, category_id, seller_id, status, is_approved) VALUES (376, 'Authentic Bridal Sarees in Pure Silk', 'Beautiful Bridal Sarees made of Pure Silk suitable for Wedding Wear.', 18, 2, 'ACTIVE', 1);
INSERT INTO product_variants (product_id, sku, price, wholesale_price, image_url, stock) VALUES (376, 'PAV-BRI-0375', 23750, 18000, '/uploads/products/bridal-sarees-375.jpg', 10);
INSERT INTO products (id, title, description, category_id, seller_id, status, is_approved) VALUES (377, 'Authentic Bridal Sarees in Pure Silk', 'Beautiful Bridal Sarees made of Pure Silk suitable for Wedding Wear.', 18, 2, 'ACTIVE', 1);
INSERT INTO product_variants (product_id, sku, price, wholesale_price, image_url, stock) VALUES (377, 'PAV-BRI-0376', 23800, 18040, '/uploads/products/bridal-sarees-376.jpg', 10);
INSERT INTO products (id, title, description, category_id, seller_id, status, is_approved) VALUES (378, 'Authentic Bridal Sarees in Pure Silk', 'Beautiful Bridal Sarees made of Pure Silk suitable for Wedding Wear.', 18, 2, 'ACTIVE', 1);
INSERT INTO product_variants (product_id, sku, price, wholesale_price, image_url, stock) VALUES (378, 'PAV-BRI-0377', 23850, 18080, '/uploads/products/bridal-sarees-377.jpg', 10);
INSERT INTO products (id, title, description, category_id, seller_id, status, is_approved) VALUES (379, 'Authentic Bridal Sarees in Pure Silk', 'Beautiful Bridal Sarees made of Pure Silk suitable for Wedding Wear.', 18, 2, 'ACTIVE', 1);
INSERT INTO product_variants (product_id, sku, price, wholesale_price, image_url, stock) VALUES (379, 'PAV-BRI-0378', 23900, 18120, '/uploads/products/bridal-sarees-378.jpg', 10);
INSERT INTO products (id, title, description, category_id, seller_id, status, is_approved) VALUES (380, 'Authentic Bridal Sarees in Pure Silk', 'Beautiful Bridal Sarees made of Pure Silk suitable for Wedding Wear.', 18, 2, 'ACTIVE', 1);
INSERT INTO product_variants (product_id, sku, price, wholesale_price, image_url, stock) VALUES (380, 'PAV-BRI-0379', 23950, 18160, '/uploads/products/bridal-sarees-379.jpg', 10);
INSERT INTO products (id, title, description, category_id, seller_id, status, is_approved) VALUES (381, 'Authentic Bridal Sarees in Pure Silk', 'Beautiful Bridal Sarees made of Pure Silk suitable for Wedding Wear.', 18, 2, 'ACTIVE', 1);
INSERT INTO product_variants (product_id, sku, price, wholesale_price, image_url, stock) VALUES (381, 'PAV-BRI-0380', 24000, 18200, '/uploads/products/bridal-sarees-380.jpg', 10);
INSERT INTO products (id, title, description, category_id, seller_id, status, is_approved) VALUES (382, 'Authentic Bridal Sarees in Pure Silk', 'Beautiful Bridal Sarees made of Pure Silk suitable for Wedding Wear.', 18, 2, 'ACTIVE', 1);
INSERT INTO product_variants (product_id, sku, price, wholesale_price, image_url, stock) VALUES (382, 'PAV-BRI-0381', 24050, 18240, '/uploads/products/bridal-sarees-381.jpg', 10);
INSERT INTO products (id, title, description, category_id, seller_id, status, is_approved) VALUES (383, 'Authentic Bridal Sarees in Pure Silk', 'Beautiful Bridal Sarees made of Pure Silk suitable for Wedding Wear.', 18, 2, 'ACTIVE', 1);
INSERT INTO product_variants (product_id, sku, price, wholesale_price, image_url, stock) VALUES (383, 'PAV-BRI-0382', 24100, 18280, '/uploads/products/bridal-sarees-382.jpg', 10);
INSERT INTO products (id, title, description, category_id, seller_id, status, is_approved) VALUES (384, 'Authentic Bridal Sarees in Pure Silk', 'Beautiful Bridal Sarees made of Pure Silk suitable for Wedding Wear.', 18, 2, 'ACTIVE', 1);
INSERT INTO product_variants (product_id, sku, price, wholesale_price, image_url, stock) VALUES (384, 'PAV-BRI-0383', 24150, 18320, '/uploads/products/bridal-sarees-383.jpg', 10);
INSERT INTO products (id, title, description, category_id, seller_id, status, is_approved) VALUES (385, 'Authentic Bridal Sarees in Pure Silk', 'Beautiful Bridal Sarees made of Pure Silk suitable for Wedding Wear.', 18, 2, 'ACTIVE', 1);
INSERT INTO product_variants (product_id, sku, price, wholesale_price, image_url, stock) VALUES (385, 'PAV-BRI-0384', 24200, 18360, '/uploads/products/bridal-sarees-384.jpg', 10);
INSERT INTO products (id, title, description, category_id, seller_id, status, is_approved) VALUES (386, 'Authentic Bridal Sarees in Pure Silk', 'Beautiful Bridal Sarees made of Pure Silk suitable for Wedding Wear.', 18, 2, 'ACTIVE', 1);
INSERT INTO product_variants (product_id, sku, price, wholesale_price, image_url, stock) VALUES (386, 'PAV-BRI-0385', 24250, 18400, '/uploads/products/bridal-sarees-385.jpg', 10);
INSERT INTO products (id, title, description, category_id, seller_id, status, is_approved) VALUES (387, 'Authentic Bridal Sarees in Pure Silk', 'Beautiful Bridal Sarees made of Pure Silk suitable for Wedding Wear.', 18, 2, 'ACTIVE', 1);
INSERT INTO product_variants (product_id, sku, price, wholesale_price, image_url, stock) VALUES (387, 'PAV-BRI-0386', 24300, 18440, '/uploads/products/bridal-sarees-386.jpg', 10);
INSERT INTO products (id, title, description, category_id, seller_id, status, is_approved) VALUES (388, 'Authentic Bridal Sarees in Pure Silk', 'Beautiful Bridal Sarees made of Pure Silk suitable for Wedding Wear.', 18, 2, 'ACTIVE', 1);
INSERT INTO product_variants (product_id, sku, price, wholesale_price, image_url, stock) VALUES (388, 'PAV-BRI-0387', 24350, 18480, '/uploads/products/bridal-sarees-387.jpg', 10);
INSERT INTO products (id, title, description, category_id, seller_id, status, is_approved) VALUES (389, 'Authentic Bridal Sarees in Pure Silk', 'Beautiful Bridal Sarees made of Pure Silk suitable for Wedding Wear.', 18, 2, 'ACTIVE', 1);
INSERT INTO product_variants (product_id, sku, price, wholesale_price, image_url, stock) VALUES (389, 'PAV-BRI-0388', 24400, 18520, '/uploads/products/bridal-sarees-388.jpg', 10);
INSERT INTO products (id, title, description, category_id, seller_id, status, is_approved) VALUES (390, 'Authentic Bridal Sarees in Pure Silk', 'Beautiful Bridal Sarees made of Pure Silk suitable for Wedding Wear.', 18, 2, 'ACTIVE', 1);
INSERT INTO product_variants (product_id, sku, price, wholesale_price, image_url, stock) VALUES (390, 'PAV-BRI-0389', 24450, 18560, '/uploads/products/bridal-sarees-389.jpg', 10);
INSERT INTO products (id, title, description, category_id, seller_id, status, is_approved) VALUES (391, 'Authentic Bridal Sarees in Pure Silk', 'Beautiful Bridal Sarees made of Pure Silk suitable for Wedding Wear.', 18, 2, 'ACTIVE', 1);
INSERT INTO product_variants (product_id, sku, price, wholesale_price, image_url, stock) VALUES (391, 'PAV-BRI-0390', 24500, 18600, '/uploads/products/bridal-sarees-390.jpg', 10);
INSERT INTO products (id, title, description, category_id, seller_id, status, is_approved) VALUES (392, 'Authentic Bridal Sarees in Pure Silk', 'Beautiful Bridal Sarees made of Pure Silk suitable for Wedding Wear.', 18, 2, 'ACTIVE', 1);
INSERT INTO product_variants (product_id, sku, price, wholesale_price, image_url, stock) VALUES (392, 'PAV-BRI-0391', 24550, 18640, '/uploads/products/bridal-sarees-391.jpg', 10);
INSERT INTO products (id, title, description, category_id, seller_id, status, is_approved) VALUES (393, 'Authentic Bridal Sarees in Pure Silk', 'Beautiful Bridal Sarees made of Pure Silk suitable for Wedding Wear.', 18, 2, 'ACTIVE', 1);
INSERT INTO product_variants (product_id, sku, price, wholesale_price, image_url, stock) VALUES (393, 'PAV-BRI-0392', 24600, 18680, '/uploads/products/bridal-sarees-392.jpg', 10);
INSERT INTO products (id, title, description, category_id, seller_id, status, is_approved) VALUES (394, 'Authentic Bridal Sarees in Pure Silk', 'Beautiful Bridal Sarees made of Pure Silk suitable for Wedding Wear.', 18, 2, 'ACTIVE', 1);
INSERT INTO product_variants (product_id, sku, price, wholesale_price, image_url, stock) VALUES (394, 'PAV-BRI-0393', 24650, 18720, '/uploads/products/bridal-sarees-393.jpg', 10);
INSERT INTO products (id, title, description, category_id, seller_id, status, is_approved) VALUES (395, 'Authentic Bridal Sarees in Pure Silk', 'Beautiful Bridal Sarees made of Pure Silk suitable for Wedding Wear.', 18, 2, 'ACTIVE', 1);
INSERT INTO product_variants (product_id, sku, price, wholesale_price, image_url, stock) VALUES (395, 'PAV-BRI-0394', 24700, 18760, '/uploads/products/bridal-sarees-394.jpg', 10);
INSERT INTO products (id, title, description, category_id, seller_id, status, is_approved) VALUES (396, 'Authentic Bridal Sarees in Pure Silk', 'Beautiful Bridal Sarees made of Pure Silk suitable for Wedding Wear.', 18, 2, 'ACTIVE', 1);
INSERT INTO product_variants (product_id, sku, price, wholesale_price, image_url, stock) VALUES (396, 'PAV-BRI-0395', 24750, 18800, '/uploads/products/bridal-sarees-395.jpg', 10);
INSERT INTO products (id, title, description, category_id, seller_id, status, is_approved) VALUES (397, 'Authentic Bridal Sarees in Pure Silk', 'Beautiful Bridal Sarees made of Pure Silk suitable for Wedding Wear.', 18, 2, 'ACTIVE', 1);
INSERT INTO product_variants (product_id, sku, price, wholesale_price, image_url, stock) VALUES (397, 'PAV-BRI-0396', 24800, 18840, '/uploads/products/bridal-sarees-396.jpg', 10);
INSERT INTO products (id, title, description, category_id, seller_id, status, is_approved) VALUES (398, 'Authentic Bridal Sarees in Pure Silk', 'Beautiful Bridal Sarees made of Pure Silk suitable for Wedding Wear.', 18, 2, 'ACTIVE', 1);
INSERT INTO product_variants (product_id, sku, price, wholesale_price, image_url, stock) VALUES (398, 'PAV-BRI-0397', 24850, 18880, '/uploads/products/bridal-sarees-397.jpg', 10);
INSERT INTO products (id, title, description, category_id, seller_id, status, is_approved) VALUES (399, 'Authentic Bridal Sarees in Pure Silk', 'Beautiful Bridal Sarees made of Pure Silk suitable for Wedding Wear.', 18, 2, 'ACTIVE', 1);
INSERT INTO product_variants (product_id, sku, price, wholesale_price, image_url, stock) VALUES (399, 'PAV-BRI-0398', 24900, 18920, '/uploads/products/bridal-sarees-398.jpg', 10);
INSERT INTO products (id, title, description, category_id, seller_id, status, is_approved) VALUES (400, 'Authentic Bridal Sarees in Pure Silk', 'Beautiful Bridal Sarees made of Pure Silk suitable for Wedding Wear.', 18, 2, 'ACTIVE', 1);
INSERT INTO product_variants (product_id, sku, price, wholesale_price, image_url, stock) VALUES (400, 'PAV-BRI-0399', 24950, 18960, '/uploads/products/bridal-sarees-399.jpg', 10);
INSERT INTO products (id, title, description, category_id, seller_id, status, is_approved) VALUES (401, 'Authentic Bridal Sarees in Pure Silk', 'Beautiful Bridal Sarees made of Pure Silk suitable for Wedding Wear.', 18, 2, 'ACTIVE', 1);
INSERT INTO product_variants (product_id, sku, price, wholesale_price, image_url, stock) VALUES (401, 'PAV-BRI-0400', 25000, 19000, '/uploads/products/bridal-sarees-400.jpg', 10);
INSERT INTO products (id, title, description, category_id, seller_id, status, is_approved) VALUES (402, 'Authentic Bridal Sarees in Pure Silk', 'Beautiful Bridal Sarees made of Pure Silk suitable for Wedding Wear.', 18, 2, 'ACTIVE', 1);
INSERT INTO product_variants (product_id, sku, price, wholesale_price, image_url, stock) VALUES (402, 'PAV-BRI-0401', 25050, 19040, '/uploads/products/bridal-sarees-401.jpg', 10);
INSERT INTO products (id, title, description, category_id, seller_id, status, is_approved) VALUES (403, 'Authentic Bridal Sarees in Pure Silk', 'Beautiful Bridal Sarees made of Pure Silk suitable for Wedding Wear.', 18, 2, 'ACTIVE', 1);
INSERT INTO product_variants (product_id, sku, price, wholesale_price, image_url, stock) VALUES (403, 'PAV-BRI-0402', 25100, 19080, '/uploads/products/bridal-sarees-402.jpg', 10);
INSERT INTO products (id, title, description, category_id, seller_id, status, is_approved) VALUES (404, 'Authentic Bridal Sarees in Pure Silk', 'Beautiful Bridal Sarees made of Pure Silk suitable for Wedding Wear.', 18, 2, 'ACTIVE', 1);
INSERT INTO product_variants (product_id, sku, price, wholesale_price, image_url, stock) VALUES (404, 'PAV-BRI-0403', 25150, 19120, '/uploads/products/bridal-sarees-403.jpg', 10);
INSERT INTO products (id, title, description, category_id, seller_id, status, is_approved) VALUES (405, 'Authentic Bridal Sarees in Pure Silk', 'Beautiful Bridal Sarees made of Pure Silk suitable for Wedding Wear.', 18, 2, 'ACTIVE', 1);
INSERT INTO product_variants (product_id, sku, price, wholesale_price, image_url, stock) VALUES (405, 'PAV-BRI-0404', 25200, 19160, '/uploads/products/bridal-sarees-404.jpg', 10);
INSERT INTO products (id, title, description, category_id, seller_id, status, is_approved) VALUES (406, 'Authentic Bridal Sarees in Pure Silk', 'Beautiful Bridal Sarees made of Pure Silk suitable for Wedding Wear.', 18, 2, 'ACTIVE', 1);
INSERT INTO product_variants (product_id, sku, price, wholesale_price, image_url, stock) VALUES (406, 'PAV-BRI-0405', 25250, 19200, '/uploads/products/bridal-sarees-405.jpg', 10);
INSERT INTO products (id, title, description, category_id, seller_id, status, is_approved) VALUES (407, 'Authentic Bridal Sarees in Pure Silk', 'Beautiful Bridal Sarees made of Pure Silk suitable for Wedding Wear.', 18, 2, 'ACTIVE', 1);
INSERT INTO product_variants (product_id, sku, price, wholesale_price, image_url, stock) VALUES (407, 'PAV-BRI-0406', 25300, 19240, '/uploads/products/bridal-sarees-406.jpg', 10);
INSERT INTO products (id, title, description, category_id, seller_id, status, is_approved) VALUES (408, 'Authentic Bridal Sarees in Pure Silk', 'Beautiful Bridal Sarees made of Pure Silk suitable for Wedding Wear.', 18, 2, 'ACTIVE', 1);
INSERT INTO product_variants (product_id, sku, price, wholesale_price, image_url, stock) VALUES (408, 'PAV-BRI-0407', 25350, 19280, '/uploads/products/bridal-sarees-407.jpg', 10);
INSERT INTO products (id, title, description, category_id, seller_id, status, is_approved) VALUES (409, 'Authentic Bridal Sarees in Pure Silk', 'Beautiful Bridal Sarees made of Pure Silk suitable for Wedding Wear.', 18, 2, 'ACTIVE', 1);
INSERT INTO product_variants (product_id, sku, price, wholesale_price, image_url, stock) VALUES (409, 'PAV-BRI-0408', 25400, 19320, '/uploads/products/bridal-sarees-408.jpg', 10);
INSERT INTO products (id, title, description, category_id, seller_id, status, is_approved) VALUES (410, 'Authentic Bridal Sarees in Pure Silk', 'Beautiful Bridal Sarees made of Pure Silk suitable for Wedding Wear.', 18, 2, 'ACTIVE', 1);
INSERT INTO product_variants (product_id, sku, price, wholesale_price, image_url, stock) VALUES (410, 'PAV-BRI-0409', 25450, 19360, '/uploads/products/bridal-sarees-409.jpg', 10);
INSERT INTO products (id, title, description, category_id, seller_id, status, is_approved) VALUES (411, 'Authentic Bridal Sarees in Pure Silk', 'Beautiful Bridal Sarees made of Pure Silk suitable for Wedding Wear.', 18, 2, 'ACTIVE', 1);
INSERT INTO product_variants (product_id, sku, price, wholesale_price, image_url, stock) VALUES (411, 'PAV-BRI-0410', 25500, 19400, '/uploads/products/bridal-sarees-410.jpg', 10);
INSERT INTO products (id, title, description, category_id, seller_id, status, is_approved) VALUES (412, 'Authentic Bridal Sarees in Pure Silk', 'Beautiful Bridal Sarees made of Pure Silk suitable for Wedding Wear.', 18, 2, 'ACTIVE', 1);
INSERT INTO product_variants (product_id, sku, price, wholesale_price, image_url, stock) VALUES (412, 'PAV-BRI-0411', 25550, 19440, '/uploads/products/bridal-sarees-411.jpg', 10);
INSERT INTO products (id, title, description, category_id, seller_id, status, is_approved) VALUES (413, 'Authentic Bridal Sarees in Pure Silk', 'Beautiful Bridal Sarees made of Pure Silk suitable for Wedding Wear.', 18, 2, 'ACTIVE', 1);
INSERT INTO product_variants (product_id, sku, price, wholesale_price, image_url, stock) VALUES (413, 'PAV-BRI-0412', 25600, 19480, '/uploads/products/bridal-sarees-412.jpg', 10);
INSERT INTO products (id, title, description, category_id, seller_id, status, is_approved) VALUES (414, 'Authentic Bridal Sarees in Pure Silk', 'Beautiful Bridal Sarees made of Pure Silk suitable for Wedding Wear.', 18, 2, 'ACTIVE', 1);
INSERT INTO product_variants (product_id, sku, price, wholesale_price, image_url, stock) VALUES (414, 'PAV-BRI-0413', 25650, 19520, '/uploads/products/bridal-sarees-413.jpg', 10);
INSERT INTO products (id, title, description, category_id, seller_id, status, is_approved) VALUES (415, 'Authentic Bridal Sarees in Pure Silk', 'Beautiful Bridal Sarees made of Pure Silk suitable for Wedding Wear.', 18, 2, 'ACTIVE', 1);
INSERT INTO product_variants (product_id, sku, price, wholesale_price, image_url, stock) VALUES (415, 'PAV-BRI-0414', 25700, 19560, '/uploads/products/bridal-sarees-414.jpg', 10);
INSERT INTO products (id, title, description, category_id, seller_id, status, is_approved) VALUES (416, 'Authentic Bridal Sarees in Pure Silk', 'Beautiful Bridal Sarees made of Pure Silk suitable for Wedding Wear.', 18, 2, 'ACTIVE', 1);
INSERT INTO product_variants (product_id, sku, price, wholesale_price, image_url, stock) VALUES (416, 'PAV-BRI-0415', 25750, 19600, '/uploads/products/bridal-sarees-415.jpg', 10);
INSERT INTO products (id, title, description, category_id, seller_id, status, is_approved) VALUES (417, 'Authentic Bridal Sarees in Pure Silk', 'Beautiful Bridal Sarees made of Pure Silk suitable for Wedding Wear.', 18, 2, 'ACTIVE', 1);
INSERT INTO product_variants (product_id, sku, price, wholesale_price, image_url, stock) VALUES (417, 'PAV-BRI-0416', 25800, 19640, '/uploads/products/bridal-sarees-416.jpg', 10);
INSERT INTO products (id, title, description, category_id, seller_id, status, is_approved) VALUES (418, 'Authentic Bridal Sarees in Pure Silk', 'Beautiful Bridal Sarees made of Pure Silk suitable for Wedding Wear.', 18, 2, 'ACTIVE', 1);
INSERT INTO product_variants (product_id, sku, price, wholesale_price, image_url, stock) VALUES (418, 'PAV-BRI-0417', 25850, 19680, '/uploads/products/bridal-sarees-417.jpg', 10);
INSERT INTO products (id, title, description, category_id, seller_id, status, is_approved) VALUES (419, 'Authentic Bridal Sarees in Pure Silk', 'Beautiful Bridal Sarees made of Pure Silk suitable for Wedding Wear.', 18, 2, 'ACTIVE', 1);
INSERT INTO product_variants (product_id, sku, price, wholesale_price, image_url, stock) VALUES (419, 'PAV-BRI-0418', 25900, 19720, '/uploads/products/bridal-sarees-418.jpg', 10);
INSERT INTO products (id, title, description, category_id, seller_id, status, is_approved) VALUES (420, 'Authentic Bridal Sarees in Pure Silk', 'Beautiful Bridal Sarees made of Pure Silk suitable for Wedding Wear.', 18, 2, 'ACTIVE', 1);
INSERT INTO product_variants (product_id, sku, price, wholesale_price, image_url, stock) VALUES (420, 'PAV-BRI-0419', 25950, 19760, '/uploads/products/bridal-sarees-419.jpg', 10);
INSERT INTO products (id, title, description, category_id, seller_id, status, is_approved) VALUES (421, 'Authentic Bridal Sarees in Pure Silk', 'Beautiful Bridal Sarees made of Pure Silk suitable for Wedding Wear.', 18, 2, 'ACTIVE', 1);
INSERT INTO product_variants (product_id, sku, price, wholesale_price, image_url, stock) VALUES (421, 'PAV-BRI-0420', 26000, 19800, '/uploads/products/bridal-sarees-420.jpg', 10);
INSERT INTO products (id, title, description, category_id, seller_id, status, is_approved) VALUES (422, 'Authentic Bridal Sarees in Pure Silk', 'Beautiful Bridal Sarees made of Pure Silk suitable for Wedding Wear.', 18, 2, 'ACTIVE', 1);
INSERT INTO product_variants (product_id, sku, price, wholesale_price, image_url, stock) VALUES (422, 'PAV-BRI-0421', 26050, 19840, '/uploads/products/bridal-sarees-421.jpg', 10);
INSERT INTO products (id, title, description, category_id, seller_id, status, is_approved) VALUES (423, 'Authentic Bridal Sarees in Pure Silk', 'Beautiful Bridal Sarees made of Pure Silk suitable for Wedding Wear.', 18, 2, 'ACTIVE', 1);
INSERT INTO product_variants (product_id, sku, price, wholesale_price, image_url, stock) VALUES (423, 'PAV-BRI-0422', 26100, 19880, '/uploads/products/bridal-sarees-422.jpg', 10);
INSERT INTO products (id, title, description, category_id, seller_id, status, is_approved) VALUES (424, 'Authentic Bridal Sarees in Pure Silk', 'Beautiful Bridal Sarees made of Pure Silk suitable for Wedding Wear.', 18, 2, 'ACTIVE', 1);
INSERT INTO product_variants (product_id, sku, price, wholesale_price, image_url, stock) VALUES (424, 'PAV-BRI-0423', 26150, 19920, '/uploads/products/bridal-sarees-423.jpg', 10);
INSERT INTO products (id, title, description, category_id, seller_id, status, is_approved) VALUES (425, 'Authentic Bridal Sarees in Pure Silk', 'Beautiful Bridal Sarees made of Pure Silk suitable for Wedding Wear.', 18, 2, 'ACTIVE', 1);
INSERT INTO product_variants (product_id, sku, price, wholesale_price, image_url, stock) VALUES (425, 'PAV-BRI-0424', 26200, 19960, '/uploads/products/bridal-sarees-424.jpg', 10);
INSERT INTO products (id, title, description, category_id, seller_id, status, is_approved) VALUES (426, 'Authentic Bridal Sarees in Pure Silk', 'Beautiful Bridal Sarees made of Pure Silk suitable for Wedding Wear.', 18, 2, 'ACTIVE', 1);
INSERT INTO product_variants (product_id, sku, price, wholesale_price, image_url, stock) VALUES (426, 'PAV-BRI-0425', 26250, 20000, '/uploads/products/bridal-sarees-425.jpg', 10);
INSERT INTO products (id, title, description, category_id, seller_id, status, is_approved) VALUES (427, 'Authentic Bridal Sarees in Pure Silk', 'Beautiful Bridal Sarees made of Pure Silk suitable for Wedding Wear.', 18, 2, 'ACTIVE', 1);
INSERT INTO product_variants (product_id, sku, price, wholesale_price, image_url, stock) VALUES (427, 'PAV-BRI-0426', 26300, 20040, '/uploads/products/bridal-sarees-426.jpg', 10);
INSERT INTO products (id, title, description, category_id, seller_id, status, is_approved) VALUES (428, 'Authentic Bridal Sarees in Pure Silk', 'Beautiful Bridal Sarees made of Pure Silk suitable for Wedding Wear.', 18, 2, 'ACTIVE', 1);
INSERT INTO product_variants (product_id, sku, price, wholesale_price, image_url, stock) VALUES (428, 'PAV-BRI-0427', 26350, 20080, '/uploads/products/bridal-sarees-427.jpg', 10);
INSERT INTO products (id, title, description, category_id, seller_id, status, is_approved) VALUES (429, 'Authentic Bridal Sarees in Pure Silk', 'Beautiful Bridal Sarees made of Pure Silk suitable for Wedding Wear.', 18, 2, 'ACTIVE', 1);
INSERT INTO product_variants (product_id, sku, price, wholesale_price, image_url, stock) VALUES (429, 'PAV-BRI-0428', 26400, 20120, '/uploads/products/bridal-sarees-428.jpg', 10);
INSERT INTO products (id, title, description, category_id, seller_id, status, is_approved) VALUES (430, 'Authentic Bridal Sarees in Pure Silk', 'Beautiful Bridal Sarees made of Pure Silk suitable for Wedding Wear.', 18, 2, 'ACTIVE', 1);
INSERT INTO product_variants (product_id, sku, price, wholesale_price, image_url, stock) VALUES (430, 'PAV-BRI-0429', 26450, 20160, '/uploads/products/bridal-sarees-429.jpg', 10);
INSERT INTO products (id, title, description, category_id, seller_id, status, is_approved) VALUES (431, 'Authentic Bridal Sarees in Pure Silk', 'Beautiful Bridal Sarees made of Pure Silk suitable for Wedding Wear.', 18, 2, 'ACTIVE', 1);
INSERT INTO product_variants (product_id, sku, price, wholesale_price, image_url, stock) VALUES (431, 'PAV-BRI-0430', 26500, 20200, '/uploads/products/bridal-sarees-430.jpg', 10);
INSERT INTO products (id, title, description, category_id, seller_id, status, is_approved) VALUES (432, 'Authentic Bridal Sarees in Pure Silk', 'Beautiful Bridal Sarees made of Pure Silk suitable for Wedding Wear.', 18, 2, 'ACTIVE', 1);
INSERT INTO product_variants (product_id, sku, price, wholesale_price, image_url, stock) VALUES (432, 'PAV-BRI-0431', 26550, 20240, '/uploads/products/bridal-sarees-431.jpg', 10);
INSERT INTO products (id, title, description, category_id, seller_id, status, is_approved) VALUES (433, 'Authentic Party Wear Sarees in Georgette', 'Beautiful Party Wear Sarees made of Georgette suitable for Party Wear.', 16, 2, 'ACTIVE', 1);
INSERT INTO product_variants (product_id, sku, price, wholesale_price, image_url, stock) VALUES (433, 'PAV-PAR-0432', 26600, 20280, '/uploads/products/party-wear-sarees-432.jpg', 10);
INSERT INTO products (id, title, description, category_id, seller_id, status, is_approved) VALUES (434, 'Authentic Party Wear Sarees in Georgette', 'Beautiful Party Wear Sarees made of Georgette suitable for Party Wear.', 16, 2, 'ACTIVE', 1);
INSERT INTO product_variants (product_id, sku, price, wholesale_price, image_url, stock) VALUES (434, 'PAV-PAR-0433', 26650, 20320, '/uploads/products/party-wear-sarees-433.jpg', 10);
INSERT INTO products (id, title, description, category_id, seller_id, status, is_approved) VALUES (435, 'Authentic Party Wear Sarees in Georgette', 'Beautiful Party Wear Sarees made of Georgette suitable for Party Wear.', 16, 2, 'ACTIVE', 1);
INSERT INTO product_variants (product_id, sku, price, wholesale_price, image_url, stock) VALUES (435, 'PAV-PAR-0434', 26700, 20360, '/uploads/products/party-wear-sarees-434.jpg', 10);
INSERT INTO products (id, title, description, category_id, seller_id, status, is_approved) VALUES (436, 'Authentic Party Wear Sarees in Georgette', 'Beautiful Party Wear Sarees made of Georgette suitable for Party Wear.', 16, 2, 'ACTIVE', 1);
INSERT INTO product_variants (product_id, sku, price, wholesale_price, image_url, stock) VALUES (436, 'PAV-PAR-0435', 26750, 20400, '/uploads/products/party-wear-sarees-435.jpg', 10);
INSERT INTO products (id, title, description, category_id, seller_id, status, is_approved) VALUES (437, 'Authentic Party Wear Sarees in Georgette', 'Beautiful Party Wear Sarees made of Georgette suitable for Party Wear.', 16, 2, 'ACTIVE', 1);
INSERT INTO product_variants (product_id, sku, price, wholesale_price, image_url, stock) VALUES (437, 'PAV-PAR-0436', 26800, 20440, '/uploads/products/party-wear-sarees-436.jpg', 10);
INSERT INTO products (id, title, description, category_id, seller_id, status, is_approved) VALUES (438, 'Authentic Party Wear Sarees in Georgette', 'Beautiful Party Wear Sarees made of Georgette suitable for Party Wear.', 16, 2, 'ACTIVE', 1);
INSERT INTO product_variants (product_id, sku, price, wholesale_price, image_url, stock) VALUES (438, 'PAV-PAR-0437', 26850, 20480, '/uploads/products/party-wear-sarees-437.jpg', 10);
INSERT INTO products (id, title, description, category_id, seller_id, status, is_approved) VALUES (439, 'Authentic Party Wear Sarees in Georgette', 'Beautiful Party Wear Sarees made of Georgette suitable for Party Wear.', 16, 2, 'ACTIVE', 1);
INSERT INTO product_variants (product_id, sku, price, wholesale_price, image_url, stock) VALUES (439, 'PAV-PAR-0438', 26900, 20520, '/uploads/products/party-wear-sarees-438.jpg', 10);
INSERT INTO products (id, title, description, category_id, seller_id, status, is_approved) VALUES (440, 'Authentic Party Wear Sarees in Georgette', 'Beautiful Party Wear Sarees made of Georgette suitable for Party Wear.', 16, 2, 'ACTIVE', 1);
INSERT INTO product_variants (product_id, sku, price, wholesale_price, image_url, stock) VALUES (440, 'PAV-PAR-0439', 26950, 20560, '/uploads/products/party-wear-sarees-439.jpg', 10);
INSERT INTO products (id, title, description, category_id, seller_id, status, is_approved) VALUES (441, 'Authentic Party Wear Sarees in Georgette', 'Beautiful Party Wear Sarees made of Georgette suitable for Party Wear.', 16, 2, 'ACTIVE', 1);
INSERT INTO product_variants (product_id, sku, price, wholesale_price, image_url, stock) VALUES (441, 'PAV-PAR-0440', 27000, 20600, '/uploads/products/party-wear-sarees-440.jpg', 10);
INSERT INTO products (id, title, description, category_id, seller_id, status, is_approved) VALUES (442, 'Authentic Party Wear Sarees in Georgette', 'Beautiful Party Wear Sarees made of Georgette suitable for Party Wear.', 16, 2, 'ACTIVE', 1);
INSERT INTO product_variants (product_id, sku, price, wholesale_price, image_url, stock) VALUES (442, 'PAV-PAR-0441', 27050, 20640, '/uploads/products/party-wear-sarees-441.jpg', 10);
INSERT INTO products (id, title, description, category_id, seller_id, status, is_approved) VALUES (443, 'Authentic Party Wear Sarees in Georgette', 'Beautiful Party Wear Sarees made of Georgette suitable for Party Wear.', 16, 2, 'ACTIVE', 1);
INSERT INTO product_variants (product_id, sku, price, wholesale_price, image_url, stock) VALUES (443, 'PAV-PAR-0442', 27100, 20680, '/uploads/products/party-wear-sarees-442.jpg', 10);
INSERT INTO products (id, title, description, category_id, seller_id, status, is_approved) VALUES (444, 'Authentic Party Wear Sarees in Georgette', 'Beautiful Party Wear Sarees made of Georgette suitable for Party Wear.', 16, 2, 'ACTIVE', 1);
INSERT INTO product_variants (product_id, sku, price, wholesale_price, image_url, stock) VALUES (444, 'PAV-PAR-0443', 27150, 20720, '/uploads/products/party-wear-sarees-443.jpg', 10);
INSERT INTO products (id, title, description, category_id, seller_id, status, is_approved) VALUES (445, 'Authentic Party Wear Sarees in Georgette', 'Beautiful Party Wear Sarees made of Georgette suitable for Party Wear.', 16, 2, 'ACTIVE', 1);
INSERT INTO product_variants (product_id, sku, price, wholesale_price, image_url, stock) VALUES (445, 'PAV-PAR-0444', 27200, 20760, '/uploads/products/party-wear-sarees-444.jpg', 10);
INSERT INTO products (id, title, description, category_id, seller_id, status, is_approved) VALUES (446, 'Authentic Party Wear Sarees in Georgette', 'Beautiful Party Wear Sarees made of Georgette suitable for Party Wear.', 16, 2, 'ACTIVE', 1);
INSERT INTO product_variants (product_id, sku, price, wholesale_price, image_url, stock) VALUES (446, 'PAV-PAR-0445', 27250, 20800, '/uploads/products/party-wear-sarees-445.jpg', 10);
INSERT INTO products (id, title, description, category_id, seller_id, status, is_approved) VALUES (447, 'Authentic Party Wear Sarees in Georgette', 'Beautiful Party Wear Sarees made of Georgette suitable for Party Wear.', 16, 2, 'ACTIVE', 1);
INSERT INTO product_variants (product_id, sku, price, wholesale_price, image_url, stock) VALUES (447, 'PAV-PAR-0446', 27300, 20840, '/uploads/products/party-wear-sarees-446.jpg', 10);
INSERT INTO products (id, title, description, category_id, seller_id, status, is_approved) VALUES (448, 'Authentic Party Wear Sarees in Georgette', 'Beautiful Party Wear Sarees made of Georgette suitable for Party Wear.', 16, 2, 'ACTIVE', 1);
INSERT INTO product_variants (product_id, sku, price, wholesale_price, image_url, stock) VALUES (448, 'PAV-PAR-0447', 27350, 20880, '/uploads/products/party-wear-sarees-447.jpg', 10);
INSERT INTO products (id, title, description, category_id, seller_id, status, is_approved) VALUES (449, 'Authentic Party Wear Sarees in Georgette', 'Beautiful Party Wear Sarees made of Georgette suitable for Party Wear.', 16, 2, 'ACTIVE', 1);
INSERT INTO product_variants (product_id, sku, price, wholesale_price, image_url, stock) VALUES (449, 'PAV-PAR-0448', 27400, 20920, '/uploads/products/party-wear-sarees-448.jpg', 10);
INSERT INTO products (id, title, description, category_id, seller_id, status, is_approved) VALUES (450, 'Authentic Party Wear Sarees in Georgette', 'Beautiful Party Wear Sarees made of Georgette suitable for Party Wear.', 16, 2, 'ACTIVE', 1);
INSERT INTO product_variants (product_id, sku, price, wholesale_price, image_url, stock) VALUES (450, 'PAV-PAR-0449', 27450, 20960, '/uploads/products/party-wear-sarees-449.jpg', 10);
INSERT INTO products (id, title, description, category_id, seller_id, status, is_approved) VALUES (451, 'Authentic Party Wear Sarees in Georgette', 'Beautiful Party Wear Sarees made of Georgette suitable for Party Wear.', 16, 2, 'ACTIVE', 1);
INSERT INTO product_variants (product_id, sku, price, wholesale_price, image_url, stock) VALUES (451, 'PAV-PAR-0450', 27500, 21000, '/uploads/products/party-wear-sarees-450.jpg', 10);
INSERT INTO products (id, title, description, category_id, seller_id, status, is_approved) VALUES (452, 'Authentic Party Wear Sarees in Georgette', 'Beautiful Party Wear Sarees made of Georgette suitable for Party Wear.', 16, 2, 'ACTIVE', 1);
INSERT INTO product_variants (product_id, sku, price, wholesale_price, image_url, stock) VALUES (452, 'PAV-PAR-0451', 27550, 21040, '/uploads/products/party-wear-sarees-451.jpg', 10);
INSERT INTO products (id, title, description, category_id, seller_id, status, is_approved) VALUES (453, 'Authentic Party Wear Sarees in Georgette', 'Beautiful Party Wear Sarees made of Georgette suitable for Party Wear.', 16, 2, 'ACTIVE', 1);
INSERT INTO product_variants (product_id, sku, price, wholesale_price, image_url, stock) VALUES (453, 'PAV-PAR-0452', 27600, 21080, '/uploads/products/party-wear-sarees-452.jpg', 10);
INSERT INTO products (id, title, description, category_id, seller_id, status, is_approved) VALUES (454, 'Authentic Party Wear Sarees in Georgette', 'Beautiful Party Wear Sarees made of Georgette suitable for Party Wear.', 16, 2, 'ACTIVE', 1);
INSERT INTO product_variants (product_id, sku, price, wholesale_price, image_url, stock) VALUES (454, 'PAV-PAR-0453', 27650, 21120, '/uploads/products/party-wear-sarees-453.jpg', 10);
INSERT INTO products (id, title, description, category_id, seller_id, status, is_approved) VALUES (455, 'Authentic Party Wear Sarees in Georgette', 'Beautiful Party Wear Sarees made of Georgette suitable for Party Wear.', 16, 2, 'ACTIVE', 1);
INSERT INTO product_variants (product_id, sku, price, wholesale_price, image_url, stock) VALUES (455, 'PAV-PAR-0454', 27700, 21160, '/uploads/products/party-wear-sarees-454.jpg', 10);
INSERT INTO products (id, title, description, category_id, seller_id, status, is_approved) VALUES (456, 'Authentic Party Wear Sarees in Georgette', 'Beautiful Party Wear Sarees made of Georgette suitable for Party Wear.', 16, 2, 'ACTIVE', 1);
INSERT INTO product_variants (product_id, sku, price, wholesale_price, image_url, stock) VALUES (456, 'PAV-PAR-0455', 27750, 21200, '/uploads/products/party-wear-sarees-455.jpg', 10);
INSERT INTO products (id, title, description, category_id, seller_id, status, is_approved) VALUES (457, 'Authentic Party Wear Sarees in Georgette', 'Beautiful Party Wear Sarees made of Georgette suitable for Party Wear.', 16, 2, 'ACTIVE', 1);
INSERT INTO product_variants (product_id, sku, price, wholesale_price, image_url, stock) VALUES (457, 'PAV-PAR-0456', 27800, 21240, '/uploads/products/party-wear-sarees-456.jpg', 10);
INSERT INTO products (id, title, description, category_id, seller_id, status, is_approved) VALUES (458, 'Authentic Party Wear Sarees in Georgette', 'Beautiful Party Wear Sarees made of Georgette suitable for Party Wear.', 16, 2, 'ACTIVE', 1);
INSERT INTO product_variants (product_id, sku, price, wholesale_price, image_url, stock) VALUES (458, 'PAV-PAR-0457', 27850, 21280, '/uploads/products/party-wear-sarees-457.jpg', 10);
INSERT INTO products (id, title, description, category_id, seller_id, status, is_approved) VALUES (459, 'Authentic Party Wear Sarees in Georgette', 'Beautiful Party Wear Sarees made of Georgette suitable for Party Wear.', 16, 2, 'ACTIVE', 1);
INSERT INTO product_variants (product_id, sku, price, wholesale_price, image_url, stock) VALUES (459, 'PAV-PAR-0458', 27900, 21320, '/uploads/products/party-wear-sarees-458.jpg', 10);
INSERT INTO products (id, title, description, category_id, seller_id, status, is_approved) VALUES (460, 'Authentic Party Wear Sarees in Georgette', 'Beautiful Party Wear Sarees made of Georgette suitable for Party Wear.', 16, 2, 'ACTIVE', 1);
INSERT INTO product_variants (product_id, sku, price, wholesale_price, image_url, stock) VALUES (460, 'PAV-PAR-0459', 27950, 21360, '/uploads/products/party-wear-sarees-459.jpg', 10);
INSERT INTO products (id, title, description, category_id, seller_id, status, is_approved) VALUES (461, 'Authentic Party Wear Sarees in Georgette', 'Beautiful Party Wear Sarees made of Georgette suitable for Party Wear.', 16, 2, 'ACTIVE', 1);
INSERT INTO product_variants (product_id, sku, price, wholesale_price, image_url, stock) VALUES (461, 'PAV-PAR-0460', 28000, 21400, '/uploads/products/party-wear-sarees-460.jpg', 10);
INSERT INTO products (id, title, description, category_id, seller_id, status, is_approved) VALUES (462, 'Authentic Party Wear Sarees in Georgette', 'Beautiful Party Wear Sarees made of Georgette suitable for Party Wear.', 16, 2, 'ACTIVE', 1);
INSERT INTO product_variants (product_id, sku, price, wholesale_price, image_url, stock) VALUES (462, 'PAV-PAR-0461', 28050, 21440, '/uploads/products/party-wear-sarees-461.jpg', 10);
INSERT INTO products (id, title, description, category_id, seller_id, status, is_approved) VALUES (463, 'Authentic Party Wear Sarees in Georgette', 'Beautiful Party Wear Sarees made of Georgette suitable for Party Wear.', 16, 2, 'ACTIVE', 1);
INSERT INTO product_variants (product_id, sku, price, wholesale_price, image_url, stock) VALUES (463, 'PAV-PAR-0462', 28100, 21480, '/uploads/products/party-wear-sarees-462.jpg', 10);
INSERT INTO products (id, title, description, category_id, seller_id, status, is_approved) VALUES (464, 'Authentic Party Wear Sarees in Georgette', 'Beautiful Party Wear Sarees made of Georgette suitable for Party Wear.', 16, 2, 'ACTIVE', 1);
INSERT INTO product_variants (product_id, sku, price, wholesale_price, image_url, stock) VALUES (464, 'PAV-PAR-0463', 28150, 21520, '/uploads/products/party-wear-sarees-463.jpg', 10);
INSERT INTO products (id, title, description, category_id, seller_id, status, is_approved) VALUES (465, 'Authentic Bridal Sarees in Pure Silk', 'Beautiful Bridal Sarees made of Pure Silk suitable for Wedding Wear.', 18, 2, 'ACTIVE', 1);
INSERT INTO product_variants (product_id, sku, price, wholesale_price, image_url, stock) VALUES (465, 'PAV-BRI-0464', 28200, 21560, '/uploads/products/bridal-sarees-464.jpeg', 10);
INSERT INTO products (id, title, description, category_id, seller_id, status, is_approved) VALUES (466, 'Authentic Bridal Sarees in Pure Silk', 'Beautiful Bridal Sarees made of Pure Silk suitable for Wedding Wear.', 18, 2, 'ACTIVE', 1);
INSERT INTO product_variants (product_id, sku, price, wholesale_price, image_url, stock) VALUES (466, 'PAV-BRI-0465', 28250, 21600, '/uploads/products/bridal-sarees-465.jpeg', 10);
INSERT INTO products (id, title, description, category_id, seller_id, status, is_approved) VALUES (467, 'Authentic Bridal Sarees in Pure Silk', 'Beautiful Bridal Sarees made of Pure Silk suitable for Wedding Wear.', 18, 2, 'ACTIVE', 1);
INSERT INTO product_variants (product_id, sku, price, wholesale_price, image_url, stock) VALUES (467, 'PAV-BRI-0466', 28300, 21640, '/uploads/products/bridal-sarees-466.jpeg', 10);
INSERT INTO products (id, title, description, category_id, seller_id, status, is_approved) VALUES (468, 'Authentic Party Wear Sarees in Georgette', 'Beautiful Party Wear Sarees made of Georgette suitable for Party Wear.', 16, 2, 'ACTIVE', 1);
INSERT INTO product_variants (product_id, sku, price, wholesale_price, image_url, stock) VALUES (468, 'PAV-PAR-0467', 28400, 21720, '/uploads/products/party-wear-sarees-468.jpg', 10);
INSERT INTO products (id, title, description, category_id, seller_id, status, is_approved) VALUES (469, 'Authentic Party Wear Sarees in Georgette', 'Beautiful Party Wear Sarees made of Georgette suitable for Party Wear.', 16, 2, 'ACTIVE', 1);
INSERT INTO product_variants (product_id, sku, price, wholesale_price, image_url, stock) VALUES (469, 'PAV-PAR-0468', 28450, 21760, '/uploads/products/party-wear-sarees-469.jpg', 10);
INSERT INTO products (id, title, description, category_id, seller_id, status, is_approved) VALUES (470, 'Authentic Party Wear Sarees in Georgette', 'Beautiful Party Wear Sarees made of Georgette suitable for Party Wear.', 16, 2, 'ACTIVE', 1);
INSERT INTO product_variants (product_id, sku, price, wholesale_price, image_url, stock) VALUES (470, 'PAV-PAR-0469', 28500, 21800, '/uploads/products/party-wear-sarees-470.jpg', 10);
INSERT INTO products (id, title, description, category_id, seller_id, status, is_approved) VALUES (471, 'Authentic Party Wear Sarees in Georgette', 'Beautiful Party Wear Sarees made of Georgette suitable for Party Wear.', 16, 2, 'ACTIVE', 1);
INSERT INTO product_variants (product_id, sku, price, wholesale_price, image_url, stock) VALUES (471, 'PAV-PAR-0470', 28550, 21840, '/uploads/products/party-wear-sarees-471.jpg', 10);
INSERT INTO products (id, title, description, category_id, seller_id, status, is_approved) VALUES (472, 'Authentic Party Wear Sarees in Georgette', 'Beautiful Party Wear Sarees made of Georgette suitable for Party Wear.', 16, 2, 'ACTIVE', 1);
INSERT INTO product_variants (product_id, sku, price, wholesale_price, image_url, stock) VALUES (472, 'PAV-PAR-0471', 28600, 21880, '/uploads/products/party-wear-sarees-472.jpg', 10);
INSERT INTO products (id, title, description, category_id, seller_id, status, is_approved) VALUES (473, 'Authentic Pittan Work Sarees in Soft Silk', 'Beautiful Pittan Work Sarees made of Soft Silk suitable for Festival Wear.', 3, 2, 'ACTIVE', 1);
INSERT INTO product_variants (product_id, sku, price, wholesale_price, image_url, stock) VALUES (473, 'PAV-PIT-0472', 28650, 21920, '/uploads/products/pittan-work-sarees-473.jpg', 10);
INSERT INTO products (id, title, description, category_id, seller_id, status, is_approved) VALUES (474, 'Authentic Pittan Work Sarees in Soft Silk', 'Beautiful Pittan Work Sarees made of Soft Silk suitable for Festival Wear.', 3, 2, 'ACTIVE', 1);
INSERT INTO product_variants (product_id, sku, price, wholesale_price, image_url, stock) VALUES (474, 'PAV-PIT-0473', 28700, 21960, '/uploads/products/pittan-work-sarees-474.jpg', 10);
INSERT INTO products (id, title, description, category_id, seller_id, status, is_approved) VALUES (475, 'Authentic Pittan Work Sarees in Soft Silk', 'Beautiful Pittan Work Sarees made of Soft Silk suitable for Festival Wear.', 3, 2, 'ACTIVE', 1);
INSERT INTO product_variants (product_id, sku, price, wholesale_price, image_url, stock) VALUES (475, 'PAV-PIT-0474', 28750, 22000, '/uploads/products/pittan-work-sarees-475.jpg', 10);
INSERT INTO products (id, title, description, category_id, seller_id, status, is_approved) VALUES (476, 'Authentic Pittan Work Sarees in Soft Silk', 'Beautiful Pittan Work Sarees made of Soft Silk suitable for Festival Wear.', 3, 2, 'ACTIVE', 1);
INSERT INTO product_variants (product_id, sku, price, wholesale_price, image_url, stock) VALUES (476, 'PAV-PIT-0475', 28800, 22040, '/uploads/products/pittan-work-sarees-476.jpg', 10);
INSERT INTO products (id, title, description, category_id, seller_id, status, is_approved) VALUES (477, 'Authentic Pittan Work Sarees in Soft Silk', 'Beautiful Pittan Work Sarees made of Soft Silk suitable for Festival Wear.', 3, 2, 'ACTIVE', 1);
INSERT INTO product_variants (product_id, sku, price, wholesale_price, image_url, stock) VALUES (477, 'PAV-PIT-0476', 28850, 22080, '/uploads/products/pittan-work-sarees-477.jpg', 10);
INSERT INTO products (id, title, description, category_id, seller_id, status, is_approved) VALUES (478, 'Authentic Pittan Work Sarees in Soft Silk', 'Beautiful Pittan Work Sarees made of Soft Silk suitable for Festival Wear.', 3, 2, 'ACTIVE', 1);
INSERT INTO product_variants (product_id, sku, price, wholesale_price, image_url, stock) VALUES (478, 'PAV-PIT-0477', 28900, 22120, '/uploads/products/pittan-work-sarees-478.jpg', 10);
INSERT INTO products (id, title, description, category_id, seller_id, status, is_approved) VALUES (479, 'Authentic Pittan Work Sarees in Soft Silk', 'Beautiful Pittan Work Sarees made of Soft Silk suitable for Festival Wear.', 3, 2, 'ACTIVE', 1);
INSERT INTO product_variants (product_id, sku, price, wholesale_price, image_url, stock) VALUES (479, 'PAV-PIT-0478', 28950, 22160, '/uploads/products/pittan-work-sarees-479.jpg', 10);
INSERT INTO products (id, title, description, category_id, seller_id, status, is_approved) VALUES (480, 'Authentic Pittan Work Sarees in Soft Silk', 'Beautiful Pittan Work Sarees made of Soft Silk suitable for Festival Wear.', 3, 2, 'ACTIVE', 1);
INSERT INTO product_variants (product_id, sku, price, wholesale_price, image_url, stock) VALUES (480, 'PAV-PIT-0479', 29000, 22200, '/uploads/products/pittan-work-sarees-480.jpg', 10);
INSERT INTO products (id, title, description, category_id, seller_id, status, is_approved) VALUES (481, 'Authentic Pittan Work Sarees in Soft Silk', 'Beautiful Pittan Work Sarees made of Soft Silk suitable for Festival Wear.', 3, 2, 'ACTIVE', 1);
INSERT INTO product_variants (product_id, sku, price, wholesale_price, image_url, stock) VALUES (481, 'PAV-PIT-0480', 29050, 22240, '/uploads/products/pittan-work-sarees-481.jpg', 10);
INSERT INTO products (id, title, description, category_id, seller_id, status, is_approved) VALUES (482, 'Authentic Pittan Work Sarees in Soft Silk', 'Beautiful Pittan Work Sarees made of Soft Silk suitable for Festival Wear.', 3, 2, 'ACTIVE', 1);
INSERT INTO product_variants (product_id, sku, price, wholesale_price, image_url, stock) VALUES (482, 'PAV-PIT-0481', 29100, 22280, '/uploads/products/pittan-work-sarees-482.jpg', 10);
INSERT INTO products (id, title, description, category_id, seller_id, status, is_approved) VALUES (483, 'Authentic Pittan Work Sarees in Soft Silk', 'Beautiful Pittan Work Sarees made of Soft Silk suitable for Festival Wear.', 3, 2, 'ACTIVE', 1);
INSERT INTO product_variants (product_id, sku, price, wholesale_price, image_url, stock) VALUES (483, 'PAV-PIT-0482', 29150, 22320, '/uploads/products/pittan-work-sarees-483.jpg', 10);
INSERT INTO products (id, title, description, category_id, seller_id, status, is_approved) VALUES (484, 'Authentic Pittan Work Sarees in Soft Silk', 'Beautiful Pittan Work Sarees made of Soft Silk suitable for Festival Wear.', 3, 2, 'ACTIVE', 1);
INSERT INTO product_variants (product_id, sku, price, wholesale_price, image_url, stock) VALUES (484, 'PAV-PIT-0483', 29200, 22360, '/uploads/products/pittan-work-sarees-484.jpg', 10);
INSERT INTO products (id, title, description, category_id, seller_id, status, is_approved) VALUES (485, 'Authentic Pittan Work Sarees in Soft Silk', 'Beautiful Pittan Work Sarees made of Soft Silk suitable for Festival Wear.', 3, 2, 'ACTIVE', 1);
INSERT INTO product_variants (product_id, sku, price, wholesale_price, image_url, stock) VALUES (485, 'PAV-PIT-0484', 29250, 22400, '/uploads/products/pittan-work-sarees-485.jpg', 10);
INSERT INTO products (id, title, description, category_id, seller_id, status, is_approved) VALUES (486, 'Authentic Pittan Work Sarees in Soft Silk', 'Beautiful Pittan Work Sarees made of Soft Silk suitable for Festival Wear.', 3, 2, 'ACTIVE', 1);
INSERT INTO product_variants (product_id, sku, price, wholesale_price, image_url, stock) VALUES (486, 'PAV-PIT-0485', 29300, 22440, '/uploads/products/pittan-work-sarees-486.jpg', 10);
INSERT INTO products (id, title, description, category_id, seller_id, status, is_approved) VALUES (487, 'Authentic Pittan Work Sarees in Soft Silk', 'Beautiful Pittan Work Sarees made of Soft Silk suitable for Festival Wear.', 3, 2, 'ACTIVE', 1);
INSERT INTO product_variants (product_id, sku, price, wholesale_price, image_url, stock) VALUES (487, 'PAV-PIT-0486', 29350, 22480, '/uploads/products/pittan-work-sarees-487.jpg', 10);
INSERT INTO products (id, title, description, category_id, seller_id, status, is_approved) VALUES (488, 'Authentic Pittan Work Sarees in Soft Silk', 'Beautiful Pittan Work Sarees made of Soft Silk suitable for Festival Wear.', 3, 2, 'ACTIVE', 1);
INSERT INTO product_variants (product_id, sku, price, wholesale_price, image_url, stock) VALUES (488, 'PAV-PIT-0487', 29400, 22520, '/uploads/products/pittan-work-sarees-488.jpg', 10);
INSERT INTO products (id, title, description, category_id, seller_id, status, is_approved) VALUES (489, 'Authentic Pittan Work Sarees in Soft Silk', 'Beautiful Pittan Work Sarees made of Soft Silk suitable for Festival Wear.', 3, 2, 'ACTIVE', 1);
INSERT INTO product_variants (product_id, sku, price, wholesale_price, image_url, stock) VALUES (489, 'PAV-PIT-0488', 29450, 22560, '/uploads/products/pittan-work-sarees-489.jpg', 10);
INSERT INTO products (id, title, description, category_id, seller_id, status, is_approved) VALUES (490, 'Authentic Pittan Work Sarees in Soft Silk', 'Beautiful Pittan Work Sarees made of Soft Silk suitable for Festival Wear.', 3, 2, 'ACTIVE', 1);
INSERT INTO product_variants (product_id, sku, price, wholesale_price, image_url, stock) VALUES (490, 'PAV-PIT-0489', 29500, 22600, '/uploads/products/pittan-work-sarees-490.jpg', 10);
INSERT INTO products (id, title, description, category_id, seller_id, status, is_approved) VALUES (491, 'Authentic Printed Sarees in Cotton', 'Beautiful Printed Sarees made of Cotton suitable for Daily Wear.', 14, 2, 'ACTIVE', 1);
INSERT INTO product_variants (product_id, sku, price, wholesale_price, image_url, stock) VALUES (491, 'PAV-PRI-0490', 29550, 22640, '/uploads/products/printed-sarees-491.jpg', 10);
INSERT INTO products (id, title, description, category_id, seller_id, status, is_approved) VALUES (492, 'Authentic Printed Sarees in Cotton', 'Beautiful Printed Sarees made of Cotton suitable for Daily Wear.', 14, 2, 'ACTIVE', 1);
INSERT INTO product_variants (product_id, sku, price, wholesale_price, image_url, stock) VALUES (492, 'PAV-PRI-0491', 29600, 22680, '/uploads/products/printed-sarees-492.jpg', 10);
INSERT INTO products (id, title, description, category_id, seller_id, status, is_approved) VALUES (493, 'Authentic Printed Sarees in Cotton', 'Beautiful Printed Sarees made of Cotton suitable for Daily Wear.', 14, 2, 'ACTIVE', 1);
INSERT INTO product_variants (product_id, sku, price, wholesale_price, image_url, stock) VALUES (493, 'PAV-PRI-0492', 29650, 22720, '/uploads/products/printed-sarees-493.jpg', 10);
INSERT INTO products (id, title, description, category_id, seller_id, status, is_approved) VALUES (494, 'Authentic Printed Sarees in Cotton', 'Beautiful Printed Sarees made of Cotton suitable for Daily Wear.', 14, 2, 'ACTIVE', 1);
INSERT INTO product_variants (product_id, sku, price, wholesale_price, image_url, stock) VALUES (494, 'PAV-PRI-0493', 29700, 22760, '/uploads/products/printed-sarees-494.jpg', 10);
INSERT INTO products (id, title, description, category_id, seller_id, status, is_approved) VALUES (495, 'Authentic Printed Sarees in Cotton', 'Beautiful Printed Sarees made of Cotton suitable for Daily Wear.', 14, 2, 'ACTIVE', 1);
INSERT INTO product_variants (product_id, sku, price, wholesale_price, image_url, stock) VALUES (495, 'PAV-PRI-0494', 29750, 22800, '/uploads/products/printed-sarees-495.jpg', 10);
INSERT INTO products (id, title, description, category_id, seller_id, status, is_approved) VALUES (496, 'Authentic Printed Sarees in Cotton', 'Beautiful Printed Sarees made of Cotton suitable for Daily Wear.', 14, 2, 'ACTIVE', 1);
INSERT INTO product_variants (product_id, sku, price, wholesale_price, image_url, stock) VALUES (496, 'PAV-PRI-0495', 29800, 22840, '/uploads/products/printed-sarees-496.jpg', 10);
INSERT INTO products (id, title, description, category_id, seller_id, status, is_approved) VALUES (497, 'Authentic Printed Sarees in Cotton', 'Beautiful Printed Sarees made of Cotton suitable for Daily Wear.', 14, 2, 'ACTIVE', 1);
INSERT INTO product_variants (product_id, sku, price, wholesale_price, image_url, stock) VALUES (497, 'PAV-PRI-0496', 29850, 22880, '/uploads/products/printed-sarees-497.jpg', 10);
INSERT INTO products (id, title, description, category_id, seller_id, status, is_approved) VALUES (498, 'Authentic Printed Sarees in Cotton', 'Beautiful Printed Sarees made of Cotton suitable for Daily Wear.', 14, 2, 'ACTIVE', 1);
INSERT INTO product_variants (product_id, sku, price, wholesale_price, image_url, stock) VALUES (498, 'PAV-PRI-0497', 29900, 22920, '/uploads/products/printed-sarees-498.jpg', 10);
INSERT INTO products (id, title, description, category_id, seller_id, status, is_approved) VALUES (499, 'Authentic Printed Sarees in Cotton', 'Beautiful Printed Sarees made of Cotton suitable for Daily Wear.', 14, 2, 'ACTIVE', 1);
INSERT INTO product_variants (product_id, sku, price, wholesale_price, image_url, stock) VALUES (499, 'PAV-PRI-0498', 29950, 22960, '/uploads/products/printed-sarees-499.jpg', 10);
INSERT INTO products (id, title, description, category_id, seller_id, status, is_approved) VALUES (500, 'Authentic Printed Sarees in Cotton', 'Beautiful Printed Sarees made of Cotton suitable for Daily Wear.', 14, 2, 'ACTIVE', 1);
INSERT INTO product_variants (product_id, sku, price, wholesale_price, image_url, stock) VALUES (500, 'PAV-PRI-0499', 30000, 23000, '/uploads/products/printed-sarees-500.jpg', 10);
INSERT INTO products (id, title, description, category_id, seller_id, status, is_approved) VALUES (501, 'Authentic Printed Sarees in Cotton', 'Beautiful Printed Sarees made of Cotton suitable for Daily Wear.', 14, 2, 'ACTIVE', 1);
INSERT INTO product_variants (product_id, sku, price, wholesale_price, image_url, stock) VALUES (501, 'PAV-PRI-0500', 30050, 23040, '/uploads/products/printed-sarees-501.jpg', 10);
INSERT INTO products (id, title, description, category_id, seller_id, status, is_approved) VALUES (502, 'Authentic Printed Sarees in Cotton', 'Beautiful Printed Sarees made of Cotton suitable for Daily Wear.', 14, 2, 'ACTIVE', 1);
INSERT INTO product_variants (product_id, sku, price, wholesale_price, image_url, stock) VALUES (502, 'PAV-PRI-0501', 30100, 23080, '/uploads/products/printed-sarees-502.jpg', 10);
INSERT INTO products (id, title, description, category_id, seller_id, status, is_approved) VALUES (503, 'Authentic Printed Sarees in Cotton', 'Beautiful Printed Sarees made of Cotton suitable for Daily Wear.', 14, 2, 'ACTIVE', 1);
INSERT INTO product_variants (product_id, sku, price, wholesale_price, image_url, stock) VALUES (503, 'PAV-PRI-0502', 30150, 23120, '/uploads/products/printed-sarees-503.jpg', 10);
INSERT INTO products (id, title, description, category_id, seller_id, status, is_approved) VALUES (504, 'Authentic Printed Sarees in Cotton', 'Beautiful Printed Sarees made of Cotton suitable for Daily Wear.', 14, 2, 'ACTIVE', 1);
INSERT INTO product_variants (product_id, sku, price, wholesale_price, image_url, stock) VALUES (504, 'PAV-PRI-0503', 30200, 23160, '/uploads/products/printed-sarees-504.jpg', 10);
INSERT INTO products (id, title, description, category_id, seller_id, status, is_approved) VALUES (505, 'Authentic Printed Sarees in Cotton', 'Beautiful Printed Sarees made of Cotton suitable for Daily Wear.', 14, 2, 'ACTIVE', 1);
INSERT INTO product_variants (product_id, sku, price, wholesale_price, image_url, stock) VALUES (505, 'PAV-PRI-0504', 30250, 23200, '/uploads/products/printed-sarees-505.jpg', 10);
INSERT INTO products (id, title, description, category_id, seller_id, status, is_approved) VALUES (506, 'Authentic Printed Sarees in Cotton', 'Beautiful Printed Sarees made of Cotton suitable for Daily Wear.', 14, 2, 'ACTIVE', 1);
INSERT INTO product_variants (product_id, sku, price, wholesale_price, image_url, stock) VALUES (506, 'PAV-PRI-0505', 30300, 23240, '/uploads/products/printed-sarees-506.jpg', 10);
INSERT INTO products (id, title, description, category_id, seller_id, status, is_approved) VALUES (507, 'Authentic Printed Sarees in Cotton', 'Beautiful Printed Sarees made of Cotton suitable for Daily Wear.', 14, 2, 'ACTIVE', 1);
INSERT INTO product_variants (product_id, sku, price, wholesale_price, image_url, stock) VALUES (507, 'PAV-PRI-0506', 30350, 23280, '/uploads/products/printed-sarees-507.jpg', 10);
INSERT INTO products (id, title, description, category_id, seller_id, status, is_approved) VALUES (508, 'Authentic Printed Sarees in Cotton', 'Beautiful Printed Sarees made of Cotton suitable for Daily Wear.', 14, 2, 'ACTIVE', 1);
INSERT INTO product_variants (product_id, sku, price, wholesale_price, image_url, stock) VALUES (508, 'PAV-PRI-0507', 30400, 23320, '/uploads/products/printed-sarees-508.jpg', 10);
INSERT INTO products (id, title, description, category_id, seller_id, status, is_approved) VALUES (509, 'Authentic Printed Sarees in Cotton', 'Beautiful Printed Sarees made of Cotton suitable for Daily Wear.', 14, 2, 'ACTIVE', 1);
INSERT INTO product_variants (product_id, sku, price, wholesale_price, image_url, stock) VALUES (509, 'PAV-PRI-0508', 30450, 23360, '/uploads/products/printed-sarees-509.jpg', 10);
INSERT INTO products (id, title, description, category_id, seller_id, status, is_approved) VALUES (510, 'Authentic Printed Sarees in Cotton', 'Beautiful Printed Sarees made of Cotton suitable for Daily Wear.', 14, 2, 'ACTIVE', 1);
INSERT INTO product_variants (product_id, sku, price, wholesale_price, image_url, stock) VALUES (510, 'PAV-PRI-0509', 30500, 23400, '/uploads/products/printed-sarees-510.jpg', 10);
INSERT INTO products (id, title, description, category_id, seller_id, status, is_approved) VALUES (511, 'Authentic Printed Sarees in Cotton', 'Beautiful Printed Sarees made of Cotton suitable for Daily Wear.', 14, 2, 'ACTIVE', 1);
INSERT INTO product_variants (product_id, sku, price, wholesale_price, image_url, stock) VALUES (511, 'PAV-PRI-0510', 30550, 23440, '/uploads/products/printed-sarees-511.jpg', 10);
INSERT INTO products (id, title, description, category_id, seller_id, status, is_approved) VALUES (512, 'Authentic Printed Sarees in Cotton', 'Beautiful Printed Sarees made of Cotton suitable for Daily Wear.', 14, 2, 'ACTIVE', 1);
INSERT INTO product_variants (product_id, sku, price, wholesale_price, image_url, stock) VALUES (512, 'PAV-PRI-0511', 30600, 23480, '/uploads/products/printed-sarees-512.jpg', 10);
INSERT INTO products (id, title, description, category_id, seller_id, status, is_approved) VALUES (513, 'Authentic Printed Sarees in Cotton', 'Beautiful Printed Sarees made of Cotton suitable for Daily Wear.', 14, 2, 'ACTIVE', 1);
INSERT INTO product_variants (product_id, sku, price, wholesale_price, image_url, stock) VALUES (513, 'PAV-PRI-0512', 30650, 23520, '/uploads/products/printed-sarees-513.jpg', 10);
INSERT INTO products (id, title, description, category_id, seller_id, status, is_approved) VALUES (514, 'Authentic Printed Sarees in Cotton', 'Beautiful Printed Sarees made of Cotton suitable for Daily Wear.', 14, 2, 'ACTIVE', 1);
INSERT INTO product_variants (product_id, sku, price, wholesale_price, image_url, stock) VALUES (514, 'PAV-PRI-0513', 30700, 23560, '/uploads/products/printed-sarees-514.jpg', 10);
INSERT INTO products (id, title, description, category_id, seller_id, status, is_approved) VALUES (515, 'Authentic Printed Sarees in Cotton', 'Beautiful Printed Sarees made of Cotton suitable for Daily Wear.', 14, 2, 'ACTIVE', 1);
INSERT INTO product_variants (product_id, sku, price, wholesale_price, image_url, stock) VALUES (515, 'PAV-PRI-0514', 30750, 23600, '/uploads/products/printed-sarees-515.jpg', 10);
INSERT INTO products (id, title, description, category_id, seller_id, status, is_approved) VALUES (516, 'Authentic Printed Sarees in Cotton', 'Beautiful Printed Sarees made of Cotton suitable for Daily Wear.', 14, 2, 'ACTIVE', 1);
INSERT INTO product_variants (product_id, sku, price, wholesale_price, image_url, stock) VALUES (516, 'PAV-PRI-0515', 30800, 23640, '/uploads/products/printed-sarees-516.jpg', 10);
INSERT INTO products (id, title, description, category_id, seller_id, status, is_approved) VALUES (517, 'Authentic Printed Sarees in Cotton', 'Beautiful Printed Sarees made of Cotton suitable for Daily Wear.', 14, 2, 'ACTIVE', 1);
INSERT INTO product_variants (product_id, sku, price, wholesale_price, image_url, stock) VALUES (517, 'PAV-PRI-0516', 30850, 23680, '/uploads/products/printed-sarees-517.jpg', 10);
INSERT INTO products (id, title, description, category_id, seller_id, status, is_approved) VALUES (518, 'Authentic Printed Sarees in Cotton', 'Beautiful Printed Sarees made of Cotton suitable for Daily Wear.', 14, 2, 'ACTIVE', 1);
INSERT INTO product_variants (product_id, sku, price, wholesale_price, image_url, stock) VALUES (518, 'PAV-PRI-0517', 30900, 23720, '/uploads/products/printed-sarees-518.jpg', 10);
INSERT INTO products (id, title, description, category_id, seller_id, status, is_approved) VALUES (519, 'Authentic Printed Sarees in Cotton', 'Beautiful Printed Sarees made of Cotton suitable for Daily Wear.', 14, 2, 'ACTIVE', 1);
INSERT INTO product_variants (product_id, sku, price, wholesale_price, image_url, stock) VALUES (519, 'PAV-PRI-0518', 30950, 23760, '/uploads/products/printed-sarees-519.jpg', 10);
INSERT INTO products (id, title, description, category_id, seller_id, status, is_approved) VALUES (520, 'Authentic Printed Sarees in Cotton', 'Beautiful Printed Sarees made of Cotton suitable for Daily Wear.', 14, 2, 'ACTIVE', 1);
INSERT INTO product_variants (product_id, sku, price, wholesale_price, image_url, stock) VALUES (520, 'PAV-PRI-0519', 31000, 23800, '/uploads/products/printed-sarees-520.jpg', 10);
INSERT INTO products (id, title, description, category_id, seller_id, status, is_approved) VALUES (521, 'Authentic Printed Sarees in Cotton', 'Beautiful Printed Sarees made of Cotton suitable for Daily Wear.', 14, 2, 'ACTIVE', 1);
INSERT INTO product_variants (product_id, sku, price, wholesale_price, image_url, stock) VALUES (521, 'PAV-PRI-0520', 31050, 23840, '/uploads/products/printed-sarees-521.jpg', 10);
INSERT INTO products (id, title, description, category_id, seller_id, status, is_approved) VALUES (522, 'Authentic Printed Sarees in Cotton', 'Beautiful Printed Sarees made of Cotton suitable for Daily Wear.', 14, 2, 'ACTIVE', 1);
INSERT INTO product_variants (product_id, sku, price, wholesale_price, image_url, stock) VALUES (522, 'PAV-PRI-0521', 31100, 23880, '/uploads/products/printed-sarees-522.jpg', 10);
INSERT INTO products (id, title, description, category_id, seller_id, status, is_approved) VALUES (523, 'Authentic Printed Sarees in Cotton', 'Beautiful Printed Sarees made of Cotton suitable for Daily Wear.', 14, 2, 'ACTIVE', 1);
INSERT INTO product_variants (product_id, sku, price, wholesale_price, image_url, stock) VALUES (523, 'PAV-PRI-0522', 31150, 23920, '/uploads/products/printed-sarees-523.jpg', 10);
INSERT INTO products (id, title, description, category_id, seller_id, status, is_approved) VALUES (524, 'Authentic Printed Sarees in Cotton', 'Beautiful Printed Sarees made of Cotton suitable for Daily Wear.', 14, 2, 'ACTIVE', 1);
INSERT INTO product_variants (product_id, sku, price, wholesale_price, image_url, stock) VALUES (524, 'PAV-PRI-0523', 31200, 23960, '/uploads/products/printed-sarees-524.jpg', 10);
INSERT INTO products (id, title, description, category_id, seller_id, status, is_approved) VALUES (525, 'Authentic Printed Sarees in Cotton', 'Beautiful Printed Sarees made of Cotton suitable for Daily Wear.', 14, 2, 'ACTIVE', 1);
INSERT INTO product_variants (product_id, sku, price, wholesale_price, image_url, stock) VALUES (525, 'PAV-PRI-0524', 31250, 24000, '/uploads/products/printed-sarees-525.jpg', 10);
INSERT INTO products (id, title, description, category_id, seller_id, status, is_approved) VALUES (526, 'Authentic Printed Sarees in Cotton', 'Beautiful Printed Sarees made of Cotton suitable for Daily Wear.', 14, 2, 'ACTIVE', 1);
INSERT INTO product_variants (product_id, sku, price, wholesale_price, image_url, stock) VALUES (526, 'PAV-PRI-0525', 31300, 24040, '/uploads/products/printed-sarees-526.jpg', 10);
INSERT INTO products (id, title, description, category_id, seller_id, status, is_approved) VALUES (527, 'Authentic Printed Sarees in Cotton', 'Beautiful Printed Sarees made of Cotton suitable for Daily Wear.', 14, 2, 'ACTIVE', 1);
INSERT INTO product_variants (product_id, sku, price, wholesale_price, image_url, stock) VALUES (527, 'PAV-PRI-0526', 31350, 24080, '/uploads/products/printed-sarees-527.jpg', 10);
INSERT INTO products (id, title, description, category_id, seller_id, status, is_approved) VALUES (528, 'Authentic Printed Sarees in Cotton', 'Beautiful Printed Sarees made of Cotton suitable for Daily Wear.', 14, 2, 'ACTIVE', 1);
INSERT INTO product_variants (product_id, sku, price, wholesale_price, image_url, stock) VALUES (528, 'PAV-PRI-0527', 31400, 24120, '/uploads/products/printed-sarees-528.jpg', 10);
INSERT INTO products (id, title, description, category_id, seller_id, status, is_approved) VALUES (529, 'Authentic Printed Sarees in Cotton', 'Beautiful Printed Sarees made of Cotton suitable for Daily Wear.', 14, 2, 'ACTIVE', 1);
INSERT INTO product_variants (product_id, sku, price, wholesale_price, image_url, stock) VALUES (529, 'PAV-PRI-0528', 31450, 24160, '/uploads/products/printed-sarees-529.jpg', 10);
INSERT INTO products (id, title, description, category_id, seller_id, status, is_approved) VALUES (530, 'Authentic Printed Sarees in Cotton', 'Beautiful Printed Sarees made of Cotton suitable for Daily Wear.', 14, 2, 'ACTIVE', 1);
INSERT INTO product_variants (product_id, sku, price, wholesale_price, image_url, stock) VALUES (530, 'PAV-PRI-0529', 31500, 24200, '/uploads/products/printed-sarees-530.jpg', 10);
INSERT INTO products (id, title, description, category_id, seller_id, status, is_approved) VALUES (531, 'Authentic Printed Sarees in Cotton', 'Beautiful Printed Sarees made of Cotton suitable for Daily Wear.', 14, 2, 'ACTIVE', 1);
INSERT INTO product_variants (product_id, sku, price, wholesale_price, image_url, stock) VALUES (531, 'PAV-PRI-0530', 31550, 24240, '/uploads/products/printed-sarees-531.jpg', 10);
INSERT INTO products (id, title, description, category_id, seller_id, status, is_approved) VALUES (532, 'Authentic Printed Sarees in Cotton', 'Beautiful Printed Sarees made of Cotton suitable for Daily Wear.', 14, 2, 'ACTIVE', 1);
INSERT INTO product_variants (product_id, sku, price, wholesale_price, image_url, stock) VALUES (532, 'PAV-PRI-0531', 31600, 24280, '/uploads/products/printed-sarees-532.jpg', 10);
INSERT INTO products (id, title, description, category_id, seller_id, status, is_approved) VALUES (533, 'Authentic Printed Sarees in Cotton', 'Beautiful Printed Sarees made of Cotton suitable for Daily Wear.', 14, 2, 'ACTIVE', 1);
INSERT INTO product_variants (product_id, sku, price, wholesale_price, image_url, stock) VALUES (533, 'PAV-PRI-0532', 31650, 24320, '/uploads/products/printed-sarees-533.jpg', 10);
INSERT INTO products (id, title, description, category_id, seller_id, status, is_approved) VALUES (534, 'Authentic Printed Sarees in Cotton', 'Beautiful Printed Sarees made of Cotton suitable for Daily Wear.', 14, 2, 'ACTIVE', 1);
INSERT INTO product_variants (product_id, sku, price, wholesale_price, image_url, stock) VALUES (534, 'PAV-PRI-0533', 31700, 24360, '/uploads/products/printed-sarees-534.jpg', 10);
INSERT INTO products (id, title, description, category_id, seller_id, status, is_approved) VALUES (535, 'Authentic Printed Sarees in Cotton', 'Beautiful Printed Sarees made of Cotton suitable for Daily Wear.', 14, 2, 'ACTIVE', 1);
INSERT INTO product_variants (product_id, sku, price, wholesale_price, image_url, stock) VALUES (535, 'PAV-PRI-0534', 31750, 24400, '/uploads/products/printed-sarees-535.jpg', 10);
INSERT INTO products (id, title, description, category_id, seller_id, status, is_approved) VALUES (536, 'Authentic Printed Sarees in Cotton', 'Beautiful Printed Sarees made of Cotton suitable for Daily Wear.', 14, 2, 'ACTIVE', 1);
INSERT INTO product_variants (product_id, sku, price, wholesale_price, image_url, stock) VALUES (536, 'PAV-PRI-0535', 31800, 24440, '/uploads/products/printed-sarees-536.jpg', 10);
INSERT INTO products (id, title, description, category_id, seller_id, status, is_approved) VALUES (537, 'Authentic Printed Sarees in Cotton', 'Beautiful Printed Sarees made of Cotton suitable for Daily Wear.', 14, 2, 'ACTIVE', 1);
INSERT INTO product_variants (product_id, sku, price, wholesale_price, image_url, stock) VALUES (537, 'PAV-PRI-0536', 31850, 24480, '/uploads/products/printed-sarees-537.jpg', 10);
INSERT INTO products (id, title, description, category_id, seller_id, status, is_approved) VALUES (538, 'Authentic Printed Sarees in Cotton', 'Beautiful Printed Sarees made of Cotton suitable for Daily Wear.', 14, 2, 'ACTIVE', 1);
INSERT INTO product_variants (product_id, sku, price, wholesale_price, image_url, stock) VALUES (538, 'PAV-PRI-0537', 31900, 24520, '/uploads/products/printed-sarees-538.jpg', 10);
INSERT INTO products (id, title, description, category_id, seller_id, status, is_approved) VALUES (539, 'Authentic Printed Sarees in Cotton', 'Beautiful Printed Sarees made of Cotton suitable for Daily Wear.', 14, 2, 'ACTIVE', 1);
INSERT INTO product_variants (product_id, sku, price, wholesale_price, image_url, stock) VALUES (539, 'PAV-PRI-0538', 31950, 24560, '/uploads/products/printed-sarees-539.jpg', 10);
INSERT INTO products (id, title, description, category_id, seller_id, status, is_approved) VALUES (540, 'Authentic Printed Sarees in Cotton', 'Beautiful Printed Sarees made of Cotton suitable for Daily Wear.', 14, 2, 'ACTIVE', 1);
INSERT INTO product_variants (product_id, sku, price, wholesale_price, image_url, stock) VALUES (540, 'PAV-PRI-0539', 32000, 24600, '/uploads/products/printed-sarees-540.jpg', 10);
INSERT INTO products (id, title, description, category_id, seller_id, status, is_approved) VALUES (541, 'Authentic Printed Sarees in Cotton', 'Beautiful Printed Sarees made of Cotton suitable for Daily Wear.', 14, 2, 'ACTIVE', 1);
INSERT INTO product_variants (product_id, sku, price, wholesale_price, image_url, stock) VALUES (541, 'PAV-PRI-0540', 32050, 24640, '/uploads/products/printed-sarees-541.jpg', 10);
INSERT INTO products (id, title, description, category_id, seller_id, status, is_approved) VALUES (542, 'Authentic Printed Sarees in Cotton', 'Beautiful Printed Sarees made of Cotton suitable for Daily Wear.', 14, 2, 'ACTIVE', 1);
INSERT INTO product_variants (product_id, sku, price, wholesale_price, image_url, stock) VALUES (542, 'PAV-PRI-0541', 32100, 24680, '/uploads/products/printed-sarees-542.jpg', 10);
INSERT INTO products (id, title, description, category_id, seller_id, status, is_approved) VALUES (543, 'Authentic Printed Sarees in Cotton', 'Beautiful Printed Sarees made of Cotton suitable for Daily Wear.', 14, 2, 'ACTIVE', 1);
INSERT INTO product_variants (product_id, sku, price, wholesale_price, image_url, stock) VALUES (543, 'PAV-PRI-0542', 32150, 24720, '/uploads/products/printed-sarees-543.jpg', 10);
INSERT INTO products (id, title, description, category_id, seller_id, status, is_approved) VALUES (544, 'Authentic Printed Sarees in Cotton', 'Beautiful Printed Sarees made of Cotton suitable for Daily Wear.', 14, 2, 'ACTIVE', 1);
INSERT INTO product_variants (product_id, sku, price, wholesale_price, image_url, stock) VALUES (544, 'PAV-PRI-0543', 32200, 24760, '/uploads/products/printed-sarees-544.jpg', 10);
INSERT INTO products (id, title, description, category_id, seller_id, status, is_approved) VALUES (545, 'Authentic Printed Sarees in Cotton', 'Beautiful Printed Sarees made of Cotton suitable for Daily Wear.', 14, 2, 'ACTIVE', 1);
INSERT INTO product_variants (product_id, sku, price, wholesale_price, image_url, stock) VALUES (545, 'PAV-PRI-0544', 32250, 24800, '/uploads/products/printed-sarees-545.jpg', 10);
INSERT INTO products (id, title, description, category_id, seller_id, status, is_approved) VALUES (546, 'Authentic Printed Sarees in Cotton', 'Beautiful Printed Sarees made of Cotton suitable for Daily Wear.', 14, 2, 'ACTIVE', 1);
INSERT INTO product_variants (product_id, sku, price, wholesale_price, image_url, stock) VALUES (546, 'PAV-PRI-0545', 32300, 24840, '/uploads/products/printed-sarees-546.jpg', 10);
INSERT INTO products (id, title, description, category_id, seller_id, status, is_approved) VALUES (547, 'Authentic Gota Patti Sarees in Georgette', 'Beautiful Gota Patti Sarees made of Georgette suitable for Festival Wear.', 4, 2, 'ACTIVE', 1);
INSERT INTO product_variants (product_id, sku, price, wholesale_price, image_url, stock) VALUES (547, 'PAV-GOT-0546', 32350, 24880, '/uploads/products/gota-patti-sarees-547.jpg', 10);
INSERT INTO products (id, title, description, category_id, seller_id, status, is_approved) VALUES (548, 'Authentic Gota Patti Sarees in Georgette', 'Beautiful Gota Patti Sarees made of Georgette suitable for Festival Wear.', 4, 2, 'ACTIVE', 1);
INSERT INTO product_variants (product_id, sku, price, wholesale_price, image_url, stock) VALUES (548, 'PAV-GOT-0547', 32400, 24920, '/uploads/products/gota-patti-sarees-548.jpg', 10);
INSERT INTO products (id, title, description, category_id, seller_id, status, is_approved) VALUES (549, 'Authentic Gota Patti Sarees in Georgette', 'Beautiful Gota Patti Sarees made of Georgette suitable for Festival Wear.', 4, 2, 'ACTIVE', 1);
INSERT INTO product_variants (product_id, sku, price, wholesale_price, image_url, stock) VALUES (549, 'PAV-GOT-0548', 32450, 24960, '/uploads/products/gota-patti-sarees-549.jpg', 10);
INSERT INTO products (id, title, description, category_id, seller_id, status, is_approved) VALUES (550, 'Authentic Gota Patti Sarees in Georgette', 'Beautiful Gota Patti Sarees made of Georgette suitable for Festival Wear.', 4, 2, 'ACTIVE', 1);
INSERT INTO product_variants (product_id, sku, price, wholesale_price, image_url, stock) VALUES (550, 'PAV-GOT-0549', 32500, 25000, '/uploads/products/gota-patti-sarees-550.jpg', 10);
INSERT INTO products (id, title, description, category_id, seller_id, status, is_approved) VALUES (551, 'Authentic Gota Patti Sarees in Georgette', 'Beautiful Gota Patti Sarees made of Georgette suitable for Festival Wear.', 4, 2, 'ACTIVE', 1);
INSERT INTO product_variants (product_id, sku, price, wholesale_price, image_url, stock) VALUES (551, 'PAV-GOT-0550', 32550, 25040, '/uploads/products/gota-patti-sarees-551.jpg', 10);
INSERT INTO products (id, title, description, category_id, seller_id, status, is_approved) VALUES (552, 'Authentic Gota Patti Sarees in Georgette', 'Beautiful Gota Patti Sarees made of Georgette suitable for Festival Wear.', 4, 2, 'ACTIVE', 1);
INSERT INTO product_variants (product_id, sku, price, wholesale_price, image_url, stock) VALUES (552, 'PAV-GOT-0551', 32600, 25080, '/uploads/products/gota-patti-sarees-552.jpg', 10);
INSERT INTO products (id, title, description, category_id, seller_id, status, is_approved) VALUES (553, 'Authentic Gota Patti Sarees in Georgette', 'Beautiful Gota Patti Sarees made of Georgette suitable for Festival Wear.', 4, 2, 'ACTIVE', 1);
INSERT INTO product_variants (product_id, sku, price, wholesale_price, image_url, stock) VALUES (553, 'PAV-GOT-0552', 32650, 25120, '/uploads/products/gota-patti-sarees-553.jpg', 10);
INSERT INTO products (id, title, description, category_id, seller_id, status, is_approved) VALUES (554, 'Authentic Gota Patti Sarees in Georgette', 'Beautiful Gota Patti Sarees made of Georgette suitable for Festival Wear.', 4, 2, 'ACTIVE', 1);
INSERT INTO product_variants (product_id, sku, price, wholesale_price, image_url, stock) VALUES (554, 'PAV-GOT-0553', 32700, 25160, '/uploads/products/gota-patti-sarees-554.jpg', 10);
INSERT INTO products (id, title, description, category_id, seller_id, status, is_approved) VALUES (555, 'Authentic Gota Patti Sarees in Georgette', 'Beautiful Gota Patti Sarees made of Georgette suitable for Festival Wear.', 4, 2, 'ACTIVE', 1);
INSERT INTO product_variants (product_id, sku, price, wholesale_price, image_url, stock) VALUES (555, 'PAV-GOT-0554', 32750, 25200, '/uploads/products/gota-patti-sarees-555.jpg', 10);
INSERT INTO products (id, title, description, category_id, seller_id, status, is_approved) VALUES (556, 'Authentic Gota Patti Sarees in Georgette', 'Beautiful Gota Patti Sarees made of Georgette suitable for Festival Wear.', 4, 2, 'ACTIVE', 1);
INSERT INTO product_variants (product_id, sku, price, wholesale_price, image_url, stock) VALUES (556, 'PAV-GOT-0555', 32800, 25240, '/uploads/products/gota-patti-sarees-556.jpg', 10);
INSERT INTO products (id, title, description, category_id, seller_id, status, is_approved) VALUES (557, 'Authentic Gota Patti Sarees in Georgette', 'Beautiful Gota Patti Sarees made of Georgette suitable for Festival Wear.', 4, 2, 'ACTIVE', 1);
INSERT INTO product_variants (product_id, sku, price, wholesale_price, image_url, stock) VALUES (557, 'PAV-GOT-0556', 32850, 25280, '/uploads/products/gota-patti-sarees-557.jpg', 10);
INSERT INTO products (id, title, description, category_id, seller_id, status, is_approved) VALUES (558, 'Authentic Gota Patti Sarees in Georgette', 'Beautiful Gota Patti Sarees made of Georgette suitable for Festival Wear.', 4, 2, 'ACTIVE', 1);
INSERT INTO product_variants (product_id, sku, price, wholesale_price, image_url, stock) VALUES (558, 'PAV-GOT-0557', 32900, 25320, '/uploads/products/gota-patti-sarees-558.jpg', 10);
INSERT INTO products (id, title, description, category_id, seller_id, status, is_approved) VALUES (559, 'Authentic Gota Patti Sarees in Georgette', 'Beautiful Gota Patti Sarees made of Georgette suitable for Festival Wear.', 4, 2, 'ACTIVE', 1);
INSERT INTO product_variants (product_id, sku, price, wholesale_price, image_url, stock) VALUES (559, 'PAV-GOT-0558', 32950, 25360, '/uploads/products/gota-patti-sarees-559.jpg', 10);
INSERT INTO products (id, title, description, category_id, seller_id, status, is_approved) VALUES (560, 'Authentic Gota Patti Sarees in Georgette', 'Beautiful Gota Patti Sarees made of Georgette suitable for Festival Wear.', 4, 2, 'ACTIVE', 1);
INSERT INTO product_variants (product_id, sku, price, wholesale_price, image_url, stock) VALUES (560, 'PAV-GOT-0559', 33000, 25400, '/uploads/products/gota-patti-sarees-560.jpg', 10);
INSERT INTO products (id, title, description, category_id, seller_id, status, is_approved) VALUES (561, 'Authentic Gota Patti Sarees in Georgette', 'Beautiful Gota Patti Sarees made of Georgette suitable for Festival Wear.', 4, 2, 'ACTIVE', 1);
INSERT INTO product_variants (product_id, sku, price, wholesale_price, image_url, stock) VALUES (561, 'PAV-GOT-0560', 33050, 25440, '/uploads/products/gota-patti-sarees-561.jpg', 10);
INSERT INTO products (id, title, description, category_id, seller_id, status, is_approved) VALUES (562, 'Authentic Gota Patti Sarees in Georgette', 'Beautiful Gota Patti Sarees made of Georgette suitable for Festival Wear.', 4, 2, 'ACTIVE', 1);
INSERT INTO product_variants (product_id, sku, price, wholesale_price, image_url, stock) VALUES (562, 'PAV-GOT-0561', 33100, 25480, '/uploads/products/gota-patti-sarees-562.jpg', 10);
INSERT INTO products (id, title, description, category_id, seller_id, status, is_approved) VALUES (563, 'Authentic Gota Patti Sarees in Georgette', 'Beautiful Gota Patti Sarees made of Georgette suitable for Festival Wear.', 4, 2, 'ACTIVE', 1);
INSERT INTO product_variants (product_id, sku, price, wholesale_price, image_url, stock) VALUES (563, 'PAV-GOT-0562', 33150, 25520, '/uploads/products/gota-patti-sarees-563.jpg', 10);
INSERT INTO products (id, title, description, category_id, seller_id, status, is_approved) VALUES (564, 'Authentic Gota Patti Sarees in Georgette', 'Beautiful Gota Patti Sarees made of Georgette suitable for Festival Wear.', 4, 2, 'ACTIVE', 1);
INSERT INTO product_variants (product_id, sku, price, wholesale_price, image_url, stock) VALUES (564, 'PAV-GOT-0563', 33200, 25560, '/uploads/products/gota-patti-sarees-564.jpg', 10);
INSERT INTO products (id, title, description, category_id, seller_id, status, is_approved) VALUES (565, 'Authentic Gota Patti Sarees in Georgette', 'Beautiful Gota Patti Sarees made of Georgette suitable for Festival Wear.', 4, 2, 'ACTIVE', 1);
INSERT INTO product_variants (product_id, sku, price, wholesale_price, image_url, stock) VALUES (565, 'PAV-GOT-0564', 33250, 25600, '/uploads/products/gota-patti-sarees-565.jpg', 10);
INSERT INTO products (id, title, description, category_id, seller_id, status, is_approved) VALUES (566, 'Authentic Gota Patti Sarees in Georgette', 'Beautiful Gota Patti Sarees made of Georgette suitable for Festival Wear.', 4, 2, 'ACTIVE', 1);
INSERT INTO product_variants (product_id, sku, price, wholesale_price, image_url, stock) VALUES (566, 'PAV-GOT-0565', 33300, 25640, '/uploads/products/gota-patti-sarees-566.jpg', 10);
INSERT INTO products (id, title, description, category_id, seller_id, status, is_approved) VALUES (567, 'Authentic Gota Patti Sarees in Georgette', 'Beautiful Gota Patti Sarees made of Georgette suitable for Festival Wear.', 4, 2, 'ACTIVE', 1);
INSERT INTO product_variants (product_id, sku, price, wholesale_price, image_url, stock) VALUES (567, 'PAV-GOT-0566', 33350, 25680, '/uploads/products/gota-patti-sarees-567.jpg', 10);
INSERT INTO products (id, title, description, category_id, seller_id, status, is_approved) VALUES (568, 'Authentic Gota Patti Sarees in Georgette', 'Beautiful Gota Patti Sarees made of Georgette suitable for Festival Wear.', 4, 2, 'ACTIVE', 1);
INSERT INTO product_variants (product_id, sku, price, wholesale_price, image_url, stock) VALUES (568, 'PAV-GOT-0567', 33400, 25720, '/uploads/products/gota-patti-sarees-568.jpg', 10);
INSERT INTO products (id, title, description, category_id, seller_id, status, is_approved) VALUES (569, 'Authentic Gota Patti Sarees in Georgette', 'Beautiful Gota Patti Sarees made of Georgette suitable for Festival Wear.', 4, 2, 'ACTIVE', 1);
INSERT INTO product_variants (product_id, sku, price, wholesale_price, image_url, stock) VALUES (569, 'PAV-GOT-0568', 33450, 25760, '/uploads/products/gota-patti-sarees-569.jpg', 10);
INSERT INTO products (id, title, description, category_id, seller_id, status, is_approved) VALUES (570, 'Authentic Gota Patti Sarees in Georgette', 'Beautiful Gota Patti Sarees made of Georgette suitable for Festival Wear.', 4, 2, 'ACTIVE', 1);
INSERT INTO product_variants (product_id, sku, price, wholesale_price, image_url, stock) VALUES (570, 'PAV-GOT-0569', 33500, 25800, '/uploads/products/gota-patti-sarees-570.jpg', 10);
INSERT INTO products (id, title, description, category_id, seller_id, status, is_approved) VALUES (571, 'Authentic Gota Patti Sarees in Georgette', 'Beautiful Gota Patti Sarees made of Georgette suitable for Festival Wear.', 4, 2, 'ACTIVE', 1);
INSERT INTO product_variants (product_id, sku, price, wholesale_price, image_url, stock) VALUES (571, 'PAV-GOT-0570', 33550, 25840, '/uploads/products/gota-patti-sarees-571.jpg', 10);
INSERT INTO products (id, title, description, category_id, seller_id, status, is_approved) VALUES (572, 'Authentic Gota Patti Sarees in Georgette', 'Beautiful Gota Patti Sarees made of Georgette suitable for Festival Wear.', 4, 2, 'ACTIVE', 1);
INSERT INTO product_variants (product_id, sku, price, wholesale_price, image_url, stock) VALUES (572, 'PAV-GOT-0571', 33600, 25880, '/uploads/products/gota-patti-sarees-572.jpg', 10);
INSERT INTO products (id, title, description, category_id, seller_id, status, is_approved) VALUES (573, 'Authentic Gota Patti Sarees in Georgette', 'Beautiful Gota Patti Sarees made of Georgette suitable for Festival Wear.', 4, 2, 'ACTIVE', 1);
INSERT INTO product_variants (product_id, sku, price, wholesale_price, image_url, stock) VALUES (573, 'PAV-GOT-0572', 33650, 25920, '/uploads/products/gota-patti-sarees-573.jpg', 10);
INSERT INTO products (id, title, description, category_id, seller_id, status, is_approved) VALUES (574, 'Authentic Gota Patti Sarees in Georgette', 'Beautiful Gota Patti Sarees made of Georgette suitable for Festival Wear.', 4, 2, 'ACTIVE', 1);
INSERT INTO product_variants (product_id, sku, price, wholesale_price, image_url, stock) VALUES (574, 'PAV-GOT-0573', 33700, 25960, '/uploads/products/gota-patti-sarees-574.jpg', 10);
INSERT INTO products (id, title, description, category_id, seller_id, status, is_approved) VALUES (575, 'Authentic Gota Patti Sarees in Georgette', 'Beautiful Gota Patti Sarees made of Georgette suitable for Festival Wear.', 4, 2, 'ACTIVE', 1);
INSERT INTO product_variants (product_id, sku, price, wholesale_price, image_url, stock) VALUES (575, 'PAV-GOT-0574', 33750, 26000, '/uploads/products/gota-patti-sarees-575.jpg', 10);
INSERT INTO products (id, title, description, category_id, seller_id, status, is_approved) VALUES (576, 'Authentic Gota Patti Sarees in Georgette', 'Beautiful Gota Patti Sarees made of Georgette suitable for Festival Wear.', 4, 2, 'ACTIVE', 1);
INSERT INTO product_variants (product_id, sku, price, wholesale_price, image_url, stock) VALUES (576, 'PAV-GOT-0575', 33800, 26040, '/uploads/products/gota-patti-sarees-576.jpg', 10);
INSERT INTO products (id, title, description, category_id, seller_id, status, is_approved) VALUES (577, 'Authentic Gota Patti Sarees in Georgette', 'Beautiful Gota Patti Sarees made of Georgette suitable for Festival Wear.', 4, 2, 'ACTIVE', 1);
INSERT INTO product_variants (product_id, sku, price, wholesale_price, image_url, stock) VALUES (577, 'PAV-GOT-0576', 33850, 26080, '/uploads/products/gota-patti-sarees-577.jpg', 10);
INSERT INTO products (id, title, description, category_id, seller_id, status, is_approved) VALUES (578, 'Authentic Gota Patti Sarees in Georgette', 'Beautiful Gota Patti Sarees made of Georgette suitable for Festival Wear.', 4, 2, 'ACTIVE', 1);
INSERT INTO product_variants (product_id, sku, price, wholesale_price, image_url, stock) VALUES (578, 'PAV-GOT-0577', 33900, 26120, '/uploads/products/gota-patti-sarees-578.jpg', 10);
INSERT INTO products (id, title, description, category_id, seller_id, status, is_approved) VALUES (579, 'Authentic Gota Patti Sarees in Georgette', 'Beautiful Gota Patti Sarees made of Georgette suitable for Festival Wear.', 4, 2, 'ACTIVE', 1);
INSERT INTO product_variants (product_id, sku, price, wholesale_price, image_url, stock) VALUES (579, 'PAV-GOT-0578', 33950, 26160, '/uploads/products/gota-patti-sarees-579.jpg', 10);
INSERT INTO products (id, title, description, category_id, seller_id, status, is_approved) VALUES (580, 'Authentic Gota Patti Sarees in Georgette', 'Beautiful Gota Patti Sarees made of Georgette suitable for Festival Wear.', 4, 2, 'ACTIVE', 1);
INSERT INTO product_variants (product_id, sku, price, wholesale_price, image_url, stock) VALUES (580, 'PAV-GOT-0579', 34000, 26200, '/uploads/products/gota-patti-sarees-580.jpg', 10);
INSERT INTO products (id, title, description, category_id, seller_id, status, is_approved) VALUES (581, 'Authentic Gota Patti Sarees in Georgette', 'Beautiful Gota Patti Sarees made of Georgette suitable for Festival Wear.', 4, 2, 'ACTIVE', 1);
INSERT INTO product_variants (product_id, sku, price, wholesale_price, image_url, stock) VALUES (581, 'PAV-GOT-0580', 34050, 26240, '/uploads/products/gota-patti-sarees-581.jpg', 10);
INSERT INTO products (id, title, description, category_id, seller_id, status, is_approved) VALUES (582, 'Authentic Gota Patti Sarees in Georgette', 'Beautiful Gota Patti Sarees made of Georgette suitable for Festival Wear.', 4, 2, 'ACTIVE', 1);
INSERT INTO product_variants (product_id, sku, price, wholesale_price, image_url, stock) VALUES (582, 'PAV-GOT-0581', 34100, 26280, '/uploads/products/gota-patti-sarees-582.jpg', 10);
INSERT INTO products (id, title, description, category_id, seller_id, status, is_approved) VALUES (583, 'Authentic Gota Patti Sarees in Georgette', 'Beautiful Gota Patti Sarees made of Georgette suitable for Festival Wear.', 4, 2, 'ACTIVE', 1);
INSERT INTO product_variants (product_id, sku, price, wholesale_price, image_url, stock) VALUES (583, 'PAV-GOT-0582', 34150, 26320, '/uploads/products/gota-patti-sarees-583.jpg', 10);
INSERT INTO products (id, title, description, category_id, seller_id, status, is_approved) VALUES (584, 'Authentic Gota Patti Sarees in Georgette', 'Beautiful Gota Patti Sarees made of Georgette suitable for Festival Wear.', 4, 2, 'ACTIVE', 1);
INSERT INTO product_variants (product_id, sku, price, wholesale_price, image_url, stock) VALUES (584, 'PAV-GOT-0583', 34200, 26360, '/uploads/products/gota-patti-sarees-584.jpg', 10);
INSERT INTO products (id, title, description, category_id, seller_id, status, is_approved) VALUES (585, 'Authentic Gota Patti Sarees in Georgette', 'Beautiful Gota Patti Sarees made of Georgette suitable for Festival Wear.', 4, 2, 'ACTIVE', 1);
INSERT INTO product_variants (product_id, sku, price, wholesale_price, image_url, stock) VALUES (585, 'PAV-GOT-0584', 34250, 26400, '/uploads/products/gota-patti-sarees-585.jpg', 10);
INSERT INTO products (id, title, description, category_id, seller_id, status, is_approved) VALUES (586, 'Authentic Gota Patti Sarees in Georgette', 'Beautiful Gota Patti Sarees made of Georgette suitable for Festival Wear.', 4, 2, 'ACTIVE', 1);
INSERT INTO product_variants (product_id, sku, price, wholesale_price, image_url, stock) VALUES (586, 'PAV-GOT-0585', 34300, 26440, '/uploads/products/gota-patti-sarees-586.jpg', 10);
INSERT INTO products (id, title, description, category_id, seller_id, status, is_approved) VALUES (587, 'Authentic Gota Patti Sarees in Georgette', 'Beautiful Gota Patti Sarees made of Georgette suitable for Festival Wear.', 4, 2, 'ACTIVE', 1);
INSERT INTO product_variants (product_id, sku, price, wholesale_price, image_url, stock) VALUES (587, 'PAV-GOT-0586', 34350, 26480, '/uploads/products/gota-patti-sarees-587.jpg', 10);
INSERT INTO products (id, title, description, category_id, seller_id, status, is_approved) VALUES (588, 'Authentic Gota Patti Sarees in Georgette', 'Beautiful Gota Patti Sarees made of Georgette suitable for Festival Wear.', 4, 2, 'ACTIVE', 1);
INSERT INTO product_variants (product_id, sku, price, wholesale_price, image_url, stock) VALUES (588, 'PAV-GOT-0587', 34400, 26520, '/uploads/products/gota-patti-sarees-588.jpg', 10);
INSERT INTO products (id, title, description, category_id, seller_id, status, is_approved) VALUES (589, 'Authentic Gota Patti Sarees in Georgette', 'Beautiful Gota Patti Sarees made of Georgette suitable for Festival Wear.', 4, 2, 'ACTIVE', 1);
INSERT INTO product_variants (product_id, sku, price, wholesale_price, image_url, stock) VALUES (589, 'PAV-GOT-0588', 34450, 26560, '/uploads/products/gota-patti-sarees-589.jpg', 10);
INSERT INTO products (id, title, description, category_id, seller_id, status, is_approved) VALUES (590, 'Authentic Gota Patti Sarees in Georgette', 'Beautiful Gota Patti Sarees made of Georgette suitable for Festival Wear.', 4, 2, 'ACTIVE', 1);
INSERT INTO product_variants (product_id, sku, price, wholesale_price, image_url, stock) VALUES (590, 'PAV-GOT-0589', 34500, 26600, '/uploads/products/gota-patti-sarees-590.jpg', 10);
INSERT INTO products (id, title, description, category_id, seller_id, status, is_approved) VALUES (591, 'Authentic Gota Patti Sarees in Georgette', 'Beautiful Gota Patti Sarees made of Georgette suitable for Festival Wear.', 4, 2, 'ACTIVE', 1);
INSERT INTO product_variants (product_id, sku, price, wholesale_price, image_url, stock) VALUES (591, 'PAV-GOT-0590', 34550, 26640, '/uploads/products/gota-patti-sarees-591.jpg', 10);
INSERT INTO products (id, title, description, category_id, seller_id, status, is_approved) VALUES (592, 'Authentic Gota Patti Sarees in Georgette', 'Beautiful Gota Patti Sarees made of Georgette suitable for Festival Wear.', 4, 2, 'ACTIVE', 1);
INSERT INTO product_variants (product_id, sku, price, wholesale_price, image_url, stock) VALUES (592, 'PAV-GOT-0591', 34600, 26680, '/uploads/products/gota-patti-sarees-592.jpg', 10);
INSERT INTO products (id, title, description, category_id, seller_id, status, is_approved) VALUES (593, 'Authentic Gota Patti Sarees in Georgette', 'Beautiful Gota Patti Sarees made of Georgette suitable for Festival Wear.', 4, 2, 'ACTIVE', 1);
INSERT INTO product_variants (product_id, sku, price, wholesale_price, image_url, stock) VALUES (593, 'PAV-GOT-0592', 34650, 26720, '/uploads/products/gota-patti-sarees-593.jpg', 10);
INSERT INTO products (id, title, description, category_id, seller_id, status, is_approved) VALUES (594, 'Authentic Gota Patti Sarees in Georgette', 'Beautiful Gota Patti Sarees made of Georgette suitable for Festival Wear.', 4, 2, 'ACTIVE', 1);
INSERT INTO product_variants (product_id, sku, price, wholesale_price, image_url, stock) VALUES (594, 'PAV-GOT-0593', 34700, 26760, '/uploads/products/gota-patti-sarees-594.jpg', 10);
INSERT INTO products (id, title, description, category_id, seller_id, status, is_approved) VALUES (595, 'Authentic Gota Patti Sarees in Georgette', 'Beautiful Gota Patti Sarees made of Georgette suitable for Festival Wear.', 4, 2, 'ACTIVE', 1);
INSERT INTO product_variants (product_id, sku, price, wholesale_price, image_url, stock) VALUES (595, 'PAV-GOT-0594', 34750, 26800, '/uploads/products/gota-patti-sarees-595.jpg', 10);
INSERT INTO products (id, title, description, category_id, seller_id, status, is_approved) VALUES (596, 'Authentic Gota Patti Sarees in Georgette', 'Beautiful Gota Patti Sarees made of Georgette suitable for Festival Wear.', 4, 2, 'ACTIVE', 1);
INSERT INTO product_variants (product_id, sku, price, wholesale_price, image_url, stock) VALUES (596, 'PAV-GOT-0595', 34800, 26840, '/uploads/products/gota-patti-sarees-596.jpg', 10);
INSERT INTO products (id, title, description, category_id, seller_id, status, is_approved) VALUES (597, 'Authentic Gota Patti Sarees in Georgette', 'Beautiful Gota Patti Sarees made of Georgette suitable for Festival Wear.', 4, 2, 'ACTIVE', 1);
INSERT INTO product_variants (product_id, sku, price, wholesale_price, image_url, stock) VALUES (597, 'PAV-GOT-0596', 34850, 26880, '/uploads/products/gota-patti-sarees-597.jpg', 10);
INSERT INTO products (id, title, description, category_id, seller_id, status, is_approved) VALUES (598, 'Authentic Gota Patti Sarees in Georgette', 'Beautiful Gota Patti Sarees made of Georgette suitable for Festival Wear.', 4, 2, 'ACTIVE', 1);
INSERT INTO product_variants (product_id, sku, price, wholesale_price, image_url, stock) VALUES (598, 'PAV-GOT-0597', 34900, 26920, '/uploads/products/gota-patti-sarees-598.jpg', 10);
INSERT INTO products (id, title, description, category_id, seller_id, status, is_approved) VALUES (599, 'Authentic Gota Patti Sarees in Georgette', 'Beautiful Gota Patti Sarees made of Georgette suitable for Festival Wear.', 4, 2, 'ACTIVE', 1);
INSERT INTO product_variants (product_id, sku, price, wholesale_price, image_url, stock) VALUES (599, 'PAV-GOT-0598', 34950, 26960, '/uploads/products/gota-patti-sarees-599.jpg', 10);
INSERT INTO products (id, title, description, category_id, seller_id, status, is_approved) VALUES (600, 'Authentic Gota Patti Sarees in Georgette', 'Beautiful Gota Patti Sarees made of Georgette suitable for Festival Wear.', 4, 2, 'ACTIVE', 1);
INSERT INTO product_variants (product_id, sku, price, wholesale_price, image_url, stock) VALUES (600, 'PAV-GOT-0599', 35000, 27000, '/uploads/products/gota-patti-sarees-600.jpg', 10);
INSERT INTO products (id, title, description, category_id, seller_id, status, is_approved) VALUES (601, 'Authentic Gota Patti Sarees in Georgette', 'Beautiful Gota Patti Sarees made of Georgette suitable for Festival Wear.', 4, 2, 'ACTIVE', 1);
INSERT INTO product_variants (product_id, sku, price, wholesale_price, image_url, stock) VALUES (601, 'PAV-GOT-0600', 35050, 27040, '/uploads/products/gota-patti-sarees-601.jpg', 10);
INSERT INTO products (id, title, description, category_id, seller_id, status, is_approved) VALUES (602, 'Authentic Gota Patti Sarees in Georgette', 'Beautiful Gota Patti Sarees made of Georgette suitable for Festival Wear.', 4, 2, 'ACTIVE', 1);
INSERT INTO product_variants (product_id, sku, price, wholesale_price, image_url, stock) VALUES (602, 'PAV-GOT-0601', 35100, 27080, '/uploads/products/gota-patti-sarees-602.jpg', 10);
INSERT INTO products (id, title, description, category_id, seller_id, status, is_approved) VALUES (603, 'Authentic Gota Patti Sarees in Georgette', 'Beautiful Gota Patti Sarees made of Georgette suitable for Festival Wear.', 4, 2, 'ACTIVE', 1);
INSERT INTO product_variants (product_id, sku, price, wholesale_price, image_url, stock) VALUES (603, 'PAV-GOT-0602', 35150, 27120, '/uploads/products/gota-patti-sarees-603.jpg', 10);
INSERT INTO products (id, title, description, category_id, seller_id, status, is_approved) VALUES (604, 'Authentic Gota Patti Sarees in Georgette', 'Beautiful Gota Patti Sarees made of Georgette suitable for Festival Wear.', 4, 2, 'ACTIVE', 1);
INSERT INTO product_variants (product_id, sku, price, wholesale_price, image_url, stock) VALUES (604, 'PAV-GOT-0603', 35200, 27160, '/uploads/products/gota-patti-sarees-604.jpg', 10);
INSERT INTO products (id, title, description, category_id, seller_id, status, is_approved) VALUES (605, 'Authentic Gota Patti Sarees in Georgette', 'Beautiful Gota Patti Sarees made of Georgette suitable for Festival Wear.', 4, 2, 'ACTIVE', 1);
INSERT INTO product_variants (product_id, sku, price, wholesale_price, image_url, stock) VALUES (605, 'PAV-GOT-0604', 35250, 27200, '/uploads/products/gota-patti-sarees-605.jpg', 10);
INSERT INTO products (id, title, description, category_id, seller_id, status, is_approved) VALUES (606, 'Authentic Chunri Sarees in Chiffon', 'Beautiful Chunri Sarees made of Chiffon suitable for Daily Wear.', 5, 2, 'ACTIVE', 1);
INSERT INTO product_variants (product_id, sku, price, wholesale_price, image_url, stock) VALUES (606, 'PAV-CHU-0605', 35300, 27240, '/uploads/products/chunri-sarees-606.jpg', 10);
INSERT INTO products (id, title, description, category_id, seller_id, status, is_approved) VALUES (607, 'Authentic Chunri Sarees in Chiffon', 'Beautiful Chunri Sarees made of Chiffon suitable for Daily Wear.', 5, 2, 'ACTIVE', 1);
INSERT INTO product_variants (product_id, sku, price, wholesale_price, image_url, stock) VALUES (607, 'PAV-CHU-0606', 35350, 27280, '/uploads/products/chunri-sarees-607.jpg', 10);
INSERT INTO products (id, title, description, category_id, seller_id, status, is_approved) VALUES (608, 'Authentic Chunri Sarees in Chiffon', 'Beautiful Chunri Sarees made of Chiffon suitable for Daily Wear.', 5, 2, 'ACTIVE', 1);
INSERT INTO product_variants (product_id, sku, price, wholesale_price, image_url, stock) VALUES (608, 'PAV-CHU-0607', 35400, 27320, '/uploads/products/chunri-sarees-608.jpg', 10);
INSERT INTO products (id, title, description, category_id, seller_id, status, is_approved) VALUES (609, 'Authentic Chunri Sarees in Chiffon', 'Beautiful Chunri Sarees made of Chiffon suitable for Daily Wear.', 5, 2, 'ACTIVE', 1);
INSERT INTO product_variants (product_id, sku, price, wholesale_price, image_url, stock) VALUES (609, 'PAV-CHU-0608', 35450, 27360, '/uploads/products/chunri-sarees-609.jpg', 10);
INSERT INTO products (id, title, description, category_id, seller_id, status, is_approved) VALUES (610, 'Authentic Chunri Sarees in Chiffon', 'Beautiful Chunri Sarees made of Chiffon suitable for Daily Wear.', 5, 2, 'ACTIVE', 1);
INSERT INTO product_variants (product_id, sku, price, wholesale_price, image_url, stock) VALUES (610, 'PAV-CHU-0609', 35500, 27400, '/uploads/products/chunri-sarees-610.jpg', 10);
INSERT INTO products (id, title, description, category_id, seller_id, status, is_approved) VALUES (611, 'Authentic Chunri Sarees in Chiffon', 'Beautiful Chunri Sarees made of Chiffon suitable for Daily Wear.', 5, 2, 'ACTIVE', 1);
INSERT INTO product_variants (product_id, sku, price, wholesale_price, image_url, stock) VALUES (611, 'PAV-CHU-0610', 35550, 27440, '/uploads/products/chunri-sarees-611.jpg', 10);
INSERT INTO products (id, title, description, category_id, seller_id, status, is_approved) VALUES (612, 'Authentic Chunri Sarees in Chiffon', 'Beautiful Chunri Sarees made of Chiffon suitable for Daily Wear.', 5, 2, 'ACTIVE', 1);
INSERT INTO product_variants (product_id, sku, price, wholesale_price, image_url, stock) VALUES (612, 'PAV-CHU-0611', 35600, 27480, '/uploads/products/chunri-sarees-612.jpg', 10);
INSERT INTO products (id, title, description, category_id, seller_id, status, is_approved) VALUES (613, 'Authentic Chunri Sarees in Chiffon', 'Beautiful Chunri Sarees made of Chiffon suitable for Daily Wear.', 5, 2, 'ACTIVE', 1);
INSERT INTO product_variants (product_id, sku, price, wholesale_price, image_url, stock) VALUES (613, 'PAV-CHU-0612', 35650, 27520, '/uploads/products/chunri-sarees-613.jpg', 10);
INSERT INTO products (id, title, description, category_id, seller_id, status, is_approved) VALUES (614, 'Authentic Chunri Sarees in Chiffon', 'Beautiful Chunri Sarees made of Chiffon suitable for Daily Wear.', 5, 2, 'ACTIVE', 1);
INSERT INTO product_variants (product_id, sku, price, wholesale_price, image_url, stock) VALUES (614, 'PAV-CHU-0613', 35700, 27560, '/uploads/products/chunri-sarees-614.jpg', 10);
INSERT INTO products (id, title, description, category_id, seller_id, status, is_approved) VALUES (615, 'Authentic Chunri Sarees in Chiffon', 'Beautiful Chunri Sarees made of Chiffon suitable for Daily Wear.', 5, 2, 'ACTIVE', 1);
INSERT INTO product_variants (product_id, sku, price, wholesale_price, image_url, stock) VALUES (615, 'PAV-CHU-0614', 35750, 27600, '/uploads/products/chunri-sarees-615.jpg', 10);
INSERT INTO products (id, title, description, category_id, seller_id, status, is_approved) VALUES (616, 'Authentic Chunri Sarees in Chiffon', 'Beautiful Chunri Sarees made of Chiffon suitable for Daily Wear.', 5, 2, 'ACTIVE', 1);
INSERT INTO product_variants (product_id, sku, price, wholesale_price, image_url, stock) VALUES (616, 'PAV-CHU-0615', 35800, 27640, '/uploads/products/chunri-sarees-616.jpg', 10);
INSERT INTO products (id, title, description, category_id, seller_id, status, is_approved) VALUES (617, 'Authentic Chunri Sarees in Chiffon', 'Beautiful Chunri Sarees made of Chiffon suitable for Daily Wear.', 5, 2, 'ACTIVE', 1);
INSERT INTO product_variants (product_id, sku, price, wholesale_price, image_url, stock) VALUES (617, 'PAV-CHU-0616', 35850, 27680, '/uploads/products/chunri-sarees-617.jpg', 10);
INSERT INTO products (id, title, description, category_id, seller_id, status, is_approved) VALUES (618, 'Authentic Designer Sarees in Georgette', 'Beautiful Designer Sarees made of Georgette suitable for Party Wear.', 15, 2, 'ACTIVE', 1);
INSERT INTO product_variants (product_id, sku, price, wholesale_price, image_url, stock) VALUES (618, 'PAV-DES-0617', 35900, 27720, '/uploads/products/designer-sarees-618.jpg', 10);
INSERT INTO products (id, title, description, category_id, seller_id, status, is_approved) VALUES (619, 'Authentic Designer Sarees in Georgette', 'Beautiful Designer Sarees made of Georgette suitable for Party Wear.', 15, 2, 'ACTIVE', 1);
INSERT INTO product_variants (product_id, sku, price, wholesale_price, image_url, stock) VALUES (619, 'PAV-DES-0618', 35950, 27760, '/uploads/products/designer-sarees-619.jpg', 10);
INSERT INTO products (id, title, description, category_id, seller_id, status, is_approved) VALUES (620, 'Authentic Designer Sarees in Georgette', 'Beautiful Designer Sarees made of Georgette suitable for Party Wear.', 15, 2, 'ACTIVE', 1);
INSERT INTO product_variants (product_id, sku, price, wholesale_price, image_url, stock) VALUES (620, 'PAV-DES-0619', 36000, 27800, '/uploads/products/designer-sarees-620.jpg', 10);
INSERT INTO products (id, title, description, category_id, seller_id, status, is_approved) VALUES (621, 'Authentic Designer Sarees in Georgette', 'Beautiful Designer Sarees made of Georgette suitable for Party Wear.', 15, 2, 'ACTIVE', 1);
INSERT INTO product_variants (product_id, sku, price, wholesale_price, image_url, stock) VALUES (621, 'PAV-DES-0620', 36050, 27840, '/uploads/products/designer-sarees-621.jpg', 10);
INSERT INTO products (id, title, description, category_id, seller_id, status, is_approved) VALUES (622, 'Authentic Designer Sarees in Georgette', 'Beautiful Designer Sarees made of Georgette suitable for Party Wear.', 15, 2, 'ACTIVE', 1);
INSERT INTO product_variants (product_id, sku, price, wholesale_price, image_url, stock) VALUES (622, 'PAV-DES-0621', 36100, 27880, '/uploads/products/designer-sarees-622.jpg', 10);
INSERT INTO products (id, title, description, category_id, seller_id, status, is_approved) VALUES (623, 'Authentic Designer Sarees in Georgette', 'Beautiful Designer Sarees made of Georgette suitable for Party Wear.', 15, 2, 'ACTIVE', 1);
INSERT INTO product_variants (product_id, sku, price, wholesale_price, image_url, stock) VALUES (623, 'PAV-DES-0622', 36150, 27920, '/uploads/products/designer-sarees-623.jpg', 10);
INSERT INTO products (id, title, description, category_id, seller_id, status, is_approved) VALUES (624, 'Authentic Designer Sarees in Georgette', 'Beautiful Designer Sarees made of Georgette suitable for Party Wear.', 15, 2, 'ACTIVE', 1);
INSERT INTO product_variants (product_id, sku, price, wholesale_price, image_url, stock) VALUES (624, 'PAV-DES-0623', 36200, 27960, '/uploads/products/designer-sarees-624.jpg', 10);
INSERT INTO products (id, title, description, category_id, seller_id, status, is_approved) VALUES (625, 'Authentic Designer Sarees in Georgette', 'Beautiful Designer Sarees made of Georgette suitable for Party Wear.', 15, 2, 'ACTIVE', 1);
INSERT INTO product_variants (product_id, sku, price, wholesale_price, image_url, stock) VALUES (625, 'PAV-DES-0624', 36250, 28000, '/uploads/products/designer-sarees-625.jpg', 10);
INSERT INTO products (id, title, description, category_id, seller_id, status, is_approved) VALUES (626, 'Authentic Designer Sarees in Georgette', 'Beautiful Designer Sarees made of Georgette suitable for Party Wear.', 15, 2, 'ACTIVE', 1);
INSERT INTO product_variants (product_id, sku, price, wholesale_price, image_url, stock) VALUES (626, 'PAV-DES-0625', 36300, 28040, '/uploads/products/designer-sarees-626.jpg', 10);

INSERT INTO `cms_pages` (`title`, `slug`, `content`, `meta_title`, `meta_description`, `active`) VALUES
('About Us', 'about-us', '<h1>About Pavitra B2B</h1><p>Pavitra B2B is a premier handloom weaver-direct B2B wholesale marketplace, bridging the gap between local master weavers and boutique retailers nationwide. We preserve Indian textile heritage while offering competitive wholesale pricing, dynamic commission systems, and integrated logistics.</p>', 'About Us - Pavitra B2B Wholesale Saree Marketplace', 'Learn about Pavitra B2B Wholesale and how we bridge local master weavers and retailers.', 1),
('Contact Us', 'contact-us', '<h1>Contact Pavitra Support</h1><p>Need support or assistance with wholesale orders, bulk weaver registration, or shipping status? Reach out to our 24/7 dedicated service desk.</p><ul><li><strong>Support Helpline:</strong> +91 9999999999</li><li><strong>WhatsApp Desk:</strong> +91 9999999999</li><li><strong>Email Address:</strong> wholesale@pavitra.com</li><li><strong>Registered Office:</strong> Varanasi Handloom Cluster, Uttar Pradesh, 221001</li></ul>', 'Contact Us - Pavitra B2B Support Desk', 'Get in touch with Pavitra B2B support desk for order tracking and weaver inquiries.', 1),
('Privacy Policy', 'privacy-policy', '<h1>Privacy Policy</h1><p>Your privacy is important to us. Pavitra B2B ensures the protection of user accounts, KYC documents, wallet ledger entries, and transaction details with enterprise-grade encryption. We do not sell or share business credentials or financial transaction history with third parties.</p>', 'Privacy Policy - Pavitra B2B Compliance', 'Privacy Policy and data security guidelines for Pavitra B2B Wholesale Marketplace.', 1),
('Terms & Conditions', 'terms-conditions', '<h1>Terms & Conditions</h1><p>By registering on Pavitra B2B, sellers (weavers), retailers (boutique buyers), and delivery riders agree to abide by our fair transaction guidelines. Wholesale prices apply only above MOQ thresholds. Settlements are disbursed on delivery completion, subject to commission rates and GST rules.</p>', 'Terms & Conditions - Pavitra B2B Merchant Agreement', 'Terms and conditions for buying and selling on Pavitra B2B marketplace.', 1),
('Refund Policy', 'refund-policy', '<h1>Refund & Return Policy</h1><p>We want you to be completely satisfied with your handloom sarees. Retailers can request returns within 7 days of delivery. Upon seller approval and driver pickup verification, refunds are automatically credited back to the retailer\'s wallet ledger.</p>', 'Refund & Return Policy - Pavitra B2B', 'Refund and return guidelines for boutique buyers and weavers on Pavitra B2B.', 1),
('Shipping Policy', 'shipping-policy', '<h1>Shipping & Logistics Policy</h1><p>Orders are dispatched by registered weavers within 24-48 hours of acceptance. Our logistics network assigns courier drivers with integrated routing and handover verification via secure 4-digit customer OTP codes.</p>', 'Shipping Policy - Pavitra B2B Courier Logistics', 'Shipping and logistics handbook for delivery partners and merchants.', 1);
INSERT INTO `coupons` (`code`, `type`, `value`, `min_cart_value`, `start_date`, `end_date`, `max_uses`, `active`) VALUES
('WELCOMB2B', 'FLAT', 500.00, 5000.00, '2026-01-01', '2030-12-31', 100, 1),
('FESTIVE10', 'PERCENTAGE', 10.00, 10000.00, '2026-01-01', '2030-12-31', 100, 1);
INSERT INTO `offers` (`name`, `type`, `discount_value`, `start_date`, `end_date`, `active`) VALUES
('Varanasi Summer Flash Sale', 'FLASH_SALE', 5.00, '2026-01-01 00:00:00', '2030-12-31 23:59:59', 1);

INSERT INTO `offer_products` (`offer_id`, `product_id`) VALUES
(1, 1),
(1, 2);


